COUNTSTATIONID,COUNTDATE,COUNTDIR,HOUR0,HOUR1,HOUR2,HOUR3,HOUR4,HOUR5,HOUR6,HOUR7,HOUR8,HOUR9,HOUR10,HOUR11,HOUR12,HOUR13,HOUR14,HOUR15,HOUR16,HOUR17,HOUR18,HOUR19,HOUR20,HOUR21,HOUR22,HOUR23,FormattedDate
501,20240101,P,2495,2772,2104,1391,846,948,1467,1740,2105,3219,4066,5059,5393,5714,5860,5613,5279,5232,4889,3495,2705,2228,1537,1021,1/1/2024
501,20240101,S,4473,4189,3416,1858,1049,961,1157,1473,2114,3184,4833,6310,6429,6502,6584,6286,5903,5511,4767,3928,3207,4416,1966,1209,1/1/2024
501,20240102,P,580,430,348,557,1120,3517,6699,7530,7279,6642,6554,6971,6825,7127,7351,6140,6007,6444,6747,4336,3405,2598,1827,1041,1/2/2024
501,20240102,S,716,533,435,514,1220,3551,7041,7727,7702,7038,7115,7304,7678,7639,8220,8632,8429,8165,6480,4771,3769,3925,3566,1294,1/2/2024
501,20240103,P,645,491,415,599,1256,3713,7049,7635,7563,6970,6551,7034,6916,6850,7249,5856,4673,4980,5535,4824,3816,2961,1921,1206,1/3/2024
501,20240103,S,838,544,465,529,1268,3845,7355,8082,7880,7598,7423,7490,7672,7907,8543,8865,8447,7915,7087,5100,4097,3361,2226,1394,1/3/2024
501,20240104,P,754,499,429,570,1177,3633,6988,7380,7473,7344,7231,7616,7203,6383,5316,5905,5325,4545,5830,4713,3676,3076,2118,1283,1/4/2024
501,20240104,S,905,609,497,543,1268,3852,7337,6818,8414,7564,7441,7483,7910,8157,8594,8883,8830,8023,6934,5093,4126,3370,2274,1524,1/4/2024
501,20240105,P,743,550,397,573,1130,3245,6252,6864,7158,7197,7092,7338,7458,7281,6841,5643,5403,6166,7234,5397,4330,3894,3227,2078,1/5/2024
501,20240105,S,1031,665,566,569,1202,3431,6677,7639,7741,7290,7558,7923,7907,8538,8689,8953,8532,6669,2637,4964,4526,5517,4318,2620,1/5/2024
501,20240106,P,1279,863,684,600,754,1817,2889,3538,4534,6084,7122,7348,7667,7851,7358,7168,6793,5821,4631,4978,4712,4189,3203,2378,1/6/2024
501,20240106,S,1961,1266,1001,618,737,1309,2320,3542,4771,6005,7097,7816,8285,8260,8305,8453,8489,8335,4265,5390,5063,4637,4641,2812,1/6/2024
501,20240107,P,1465,958,875,573,569,1267,2339,2585,3176,4675,5890,6478,7349,7017,7005,6802,6416,7257,5330,4083,3476,2759,1767,1076,1/7/2024
501,20240107,S,1909,1464,1101,641,574,890,1562,2147,3085,4812,6207,7019,7569,7678,7699,7635,7784,7063,6004,4799,5690,3693,2286,1404,1/7/2024
501,20240108,P,616,437,453,562,1083,2725,4824,5275,5985,5295,5443,5691,5958,6078,6644,6551,5940,6609,6162,3934,3127,2616,1665,950,1/8/2024
501,20240108,S,838,625,499,630,1122,2886,5183,6509,6696,6391,5844,6203,6318,6482,7414,7979,8168,7734,5578,3965,3233,3563,3962,1309,1/8/2024
501,20240109,P,612,426,392,587,1209,3676,7320,7805,7877,7450,6953,7145,7127,6139,6410,5317,5069,4695,6107,4835,3776,3004,1938,1081,1/9/2024
501,20240109,S,737,525,453,538,1225,3802,6717,7417,7672,7381,7729,7483,7656,7884,8722,8762,7610,7601,6396,4964,4578,4271,2324,1320,1/9/2024
501,20240110,P,619,450,393,599,1207,3840,7110,7940,7793,7547,6950,6438,6616,7215,6952,5695,4994,5222,4999,5730,4111,3382,2067,1244,1/10/2024
501,20240110,S,786,506,476,574,1282,3994,7734,7977,7557,7288,7313,7481,7731,8063,8691,8802,8443,7712,6674,5183,4536,3951,3694,3118,1/10/2024
501,20240111,P,723,489,394,594,1178,3627,6243,6577,8319,7587,7086,7236,7024,7324,7161,5976,5028,5242,6552,5204,4071,3509,2159,1258,1/11/2024
501,20240111,S,987,598,529,555,1279,3833,7444,8573,8270,7655,7562,7665,7920,8082,8897,9132,8465,8050,7238,5359,4570,4100,2686,1931,1/11/2024
501,20240112,P,691,542,466,593,1120,3222,6182,4928,4173,5953,7251,7796,5855,6033,6456,5433,4998,5439,6957,6419,4594,4358,3232,2177,1/12/2024
501,20240112,S,1126,689,638,555,1137,3346,6670,7821,7744,7406,7589,7941,7857,8261,8532,8779,8265,7830,7366,5957,4932,5029,5959,3442,1/12/2024
501,20240113,P,1361,888,653,576,678,1347,2201,2391,3210,4912,5709,5993,6294,6681,6860,6811,6494,3740,4670,4157,3743,3585,2707,1801,1/13/2024
501,20240113,S,1718,1306,1145,739,720,1107,1621,2563,3171,4386,5186,5589,6135,6879,7021,6817,7140,6416,5790,4743,4089,4687,3893,2675,1/13/2024
501,20240114,P,1234,818,583,455,528,1152,1799,2042,2689,3858,5235,6069,7465,6595,6076,5839,5962,5241,4729,3781,3020,2603,1848,1167,1/14/2024
501,20240114,S,1658,1199,844,533,530,720,1195,1698,2580,3735,4818,5492,6139,6574,6530,6581,7988,6066,5434,4375,3575,3511,2278,1543,1/14/2024
501,20240115,P,669,547,428,523,912,2420,3955,4366,4232,3634,4480,4243,4069,4456,4771,4455,4387,4361,3354,2498,2041,1585,1279,823,1/15/2024
501,20240115,S,1041,733,519,465,871,2243,3959,4567,4602,3943,4165,4356,4339,4532,5016,4955,4799,4663,3950,2953,2575,2300,1577,1078,1/15/2024
501,20240116,P,479,374,310,537,1087,2913,5460,6695,6515,6423,6799,6073,6696,6945,6450,6319,4638,5036,5675,4511,3504,2782,1797,999,1/16/2024
501,20240116,S,710,446,424,510,985,2531,5072,6401,6543,6600,6416,6781,7091,7408,7541,8172,7946,7547,6623,4997,4543,4155,2256,1297,1/16/2024
501,20240117,P,617,475,390,628,1250,3735,7177,8123,7808,7262,7134,6815,7079,7235,6504,5192,4712,4306,5726,5000,4223,3319,2117,1173,1/17/2024
501,20240117,S,833,517,443,552,1200,3840,7391,8320,7713,7463,7203,7654,7741,8061,8452,8239,7977,6795,7188,5481,4464,4030,2482,1463,1/17/2024
501,20240118,P,696,482,448,581,1250,3824,7459,8002,7612,7422,7539,5571,6151,7237,6204,5176,4610,4237,5515,5338,4241,3547,2194,1270,1/18/2024
501,20240118,S,864,603,495,584,1165,3996,7609,7764,7715,7379,7312,7778,8189,7982,8512,8510,7693,7131,7290,5491,4687,4437,2765,1953,1/18/2024
501,20240119,P,780,554,459,601,1161,3467,6642,7019,7140,7178,7092,7120,7362,6881,6495,5497,4895,4891,5903,5855,4774,4311,3266,2334,1/19/2024
501,20240119,S,1043,768,597,587,1158,3485,7064,7896,7865,7350,7463,7998,8220,8278,8668,8616,8341,7648,7432,6222,5207,5206,4112,3123,1/19/2024
501,20240120,P,1354,957,732,640,756,2417,3426,3894,5109,6764,7536,7183,7279,7387,6656,7207,6972,7296,7166,5600,4752,4520,3618,2497,1/20/2024
501,20240120,S,1975,1560,1210,674,738,1405,2738,4088,5180,6540,7713,8247,8544,8582,8615,8580,8313,7667,7402,6376,5496,6084,4866,3642,1/20/2024
501,20240121,P,1804,1390,944,654,668,1483,2431,2555,3688,5433,6511,7353,7599,7262,6755,6834,7355,6180,5400,4272,4056,2760,1646,1046,1/21/2024
501,20240121,S,2246,1908,1439,785,686,848,1620,2372,3486,5049,6575,7485,8461,7900,6872,8415,8648,7358,6209,5137,4769,3336,2164,1344,1/21/2024
501,20240122,P,610,473,436,589,1263,3760,7157,7988,7954,7356,7174,6880,7180,7146,6176,5405,4805,4924,6108,4510,3573,2696,1687,943,1/22/2024
501,20240122,S,887,568,473,562,1255,3988,7421,8373,7727,7325,7207,7320,7261,7784,8622,8739,8406,7748,6975,5064,3856,2961,1972,1230,1/22/2024
501,20240123,P,583,456,391,574,1242,3797,7429,8139,7695,6369,7706,6942,7178,7390,6293,5580,5013,4735,5998,5076,4064,3384,2088,1108,1/23/2024
501,20240123,S,703,479,451,547,1325,4012,7776,7988,7568,7663,7250,7818,7926,7981,7693,8543,7707,7355,6935,5336,4426,3881,2196,1356,1/23/2024
501,20240124,P,634,497,421,588,1259,3846,7707,8442,7887,7473,7103,7201,7418,7488,6062,5393,4777,5267,6933,5647,4072,3419,2362,1241,1/24/2024
501,20240124,S,784,510,479,559,1221,3712,7658,8208,7507,7060,7576,7603,8060,8378,8645,8665,8381,7732,7633,5844,4680,4065,4735,1744,1/24/2024
501,20240125,P,699,483,393,625,1242,3843,7423,7989,7950,7549,7632,7674,7431,7737,6104,5460,4353,4447,4687,5337,4508,3652,2265,1296,1/25/2024
501,20240125,S,904,600,510,556,1226,4078,7731,7812,7481,7275,7748,7947,8074,8302,8770,8986,8563,7915,7755,5802,4939,4360,2763,1629,1/25/2024
501,20240126,P,731,529,444,624,1155,3138,6288,6295,6672,6628,6841,7332,7237,7423,6680,6170,5989,6615,6890,5739,4755,4165,3474,2252,1/26/2024
501,20240126,S,1065,817,631,631,1224,3470,6439,7725,7511,7307,7060,7872,7908,8077,8562,8752,8643,8073,5766,5958,4835,6344,5221,2818,1/26/2024
501,20240127,P,1426,955,766,605,757,2342,2877,3765,5098,6619,6816,6056,7578,7915,7704,7363,6727,7414,6130,5415,5050,4717,3560,2547,1/27/2024
501,20240127,S,1859,1491,1175,653,790,1196,2432,3924,5385,6795,7974,8172,8098,8494,8543,8396,8340,7890,8022,6991,5786,5271,4377,3155,1/27/2024
501,20240128,P,1646,1226,882,714,660,1484,2247,2603,3671,5280,6298,5507,6970,7089,6828,6742,6567,6159,5524,4302,4529,2946,1877,1065,1/28/2024
501,20240128,S,2322,1900,1354,749,652,989,1632,2553,3655,5297,6963,7742,8216,7802,7739,7812,7919,7292,6180,5043,5006,3189,1920,1165,1/28/2024
501,20240129,P,672,482,434,588,1245,3773,7238,8063,7841,7055,7061,6993,7274,7128,6909,5589,4950,5884,6619,4705,3523,2835,1808,977,1/29/2024
501,20240129,S,771,554,453,568,1244,4005,6758,8569,7752,7617,7346,7553,7876,7852,8501,8890,8324,7648,6087,5241,4028,4954,2853,1303,1/29/2024
501,20240130,P,676,445,390,591,1234,3910,7703,8614,7871,7296,7856,7316,7386,7400,6315,5137,3531,2803,5579,5267,4091,3250,1920,1070,1/30/2024
501,20240130,S,769,493,479,561,1325,4177,7956,7653,7656,7534,7509,7574,7967,8148,8666,8696,7765,7433,7545,5572,4508,3620,2676,1318,1/30/2024
501,20240131,P,611,448,388,598,1304,3988,7547,8152,8011,7521,7425,7477,7520,7603,6566,5519,4575,4915,5938,5382,4302,3455,2198,1186,1/31/2024
501,20240131,S,770,516,503,601,1258,4080,7941,8160,7749,7695,7857,7645,8109,8307,8589,8773,8414,8005,7681,5901,4861,3855,2707,1478,1/31/2024
501,20240201,P,685,517,432,640,1263,3919,6356,6354,7962,7432,7570,7394,7342,7218,6457,5279,3130,4183,5943,5368,4539,3659,2215,1326,2/1/2024
501,20240201,S,931,576,535,608,1281,4226,7832,7571,7721,7785,7380,7964,8186,8257,8707,8636,8174,7926,7875,5996,4880,4052,3418,1697,2/1/2024
501,20240202,P,823,600,491,671,1287,3643,6871,7434,7474,7026,6963,7589,6930,6192,6454,5889,5643,6417,6655,6019,4820,4591,3306,2284,2/2/2024
501,20240202,S,1074,825,639,619,1276,3757,7260,8527,8120,6999,7784,8049,8215,8261,8627,8605,8575,7775,7189,6204,4870,6299,4783,2905,2/2/2024
501,20240203,P,1428,1013,748,669,794,1954,2439,2943,3920,4865,4664,4531,4621,4692,4442,4366,4207,4321,3789,3149,2875,2493,1974,1608,2/3/2024
501,20240203,S,1876,1498,1176,726,751,1243,1993,3396,4431,5375,5090,4931,5259,4922,4628,4662,4716,4554,3940,3411,2906,2666,2523,1956,2/3/2024
501,20240204,P,1138,802,668,577,605,1601,2118,2190,2922,4232,5630,6085,6810,6889,6782,6764,6747,6787,6042,4355,3798,2810,1826,1052,2/4/2024
501,20240204,S,1358,1082,944,537,548,761,1286,2021,2847,4273,5746,6880,7450,7748,7818,7863,7517,6765,5969,5140,5242,4712,2733,1390,2/4/2024
501,20240205,P,621,423,410,553,1250,3544,6849,7610,7735,7412,7099,6841,6513,6822,6880,5498,5389,5723,6614,4802,3678,2941,1861,1169,2/5/2024
501,20240205,S,874,571,487,551,1195,3623,7182,8034,7881,7328,7027,7364,7571,7623,8626,8843,8766,8268,7053,4904,3847,3103,2599,2552,2/5/2024
501,20240206,P,697,433,375,598,1252,3871,7747,8579,7932,7837,7408,5727,6667,6068,5293,5204,4907,4512,5894,5159,4011,3204,2046,1054,2/6/2024
501,20240206,S,831,526,444,514,1322,4063,7936,8216,8430,7933,6860,7463,7899,8067,8630,8967,8406,8070,7442,5551,4422,3523,2351,1289,2/6/2024
501,20240207,P,618,441,362,653,1253,3998,7714,8452,8029,7638,7323,7369,7571,7661,6551,5447,4719,5000,6163,5364,4247,3502,2239,1180,2/7/2024
501,20240207,S,782,480,421,562,1227,4200,8081,8390,7978,7946,7825,7975,8003,8422,8928,8966,8543,8401,7748,5862,4860,4075,2533,1488,2/7/2024
501,20240208,P,717,495,432,621,1338,3909,7596,8553,8281,7625,7633,7095,7513,6882,6098,5476,4517,4718,5790,5493,4513,3696,2523,1361,2/8/2024
501,20240208,S,861,601,506,522,1282,4128,7819,8733,8224,7866,7560,7951,8156,8457,8927,8870,8152,7827,7630,5976,5242,4247,3005,2059,2/8/2024
501,20240209,P,762,555,512,674,1252,3593,6722,7050,7243,7117,7293,6819,7039,6857,6367,5139,5211,6201,7042,5744,4654,4084,2977,2196,2/9/2024
501,20240209,S,1175,766,706,608,1240,3710,7157,8201,7292,7463,7551,7959,8073,8171,8704,8902,8723,8059,7396,5908,5373,5499,3769,2668,2/9/2024
501,20240210,P,1325,908,750,625,784,1965,2266,2879,3819,4552,5504,6049,5992,5289,5800,6490,6088,5685,4229,4114,3512,3260,2545,1843,2/10/2024
501,20240210,S,1643,1326,1005,628,724,1073,1856,3071,3970,4963,5902,6321,6586,6741,6934,7786,6980,6445,4692,4517,4004,4258,3475,2603,2/10/2024
501,20240211,P,1262,911,747,562,620,1365,2160,2303,3172,4770,5983,6939,6922,6713,7104,6878,5787,4112,3616,3728,3020,7002,2925,1258,2/11/2024
501,20240211,S,1581,1397,1308,683,586,902,1394,2050,3111,4812,6340,7247,7388,7666,8688,8725,7500,4944,4329,4001,3310,7059,3367,1637,2/11/2024
501,20240212,P,697,481,443,628,1165,3636,7150,8071,7878,7329,6993,7178,6979,7079,6928,5926,5612,5972,4920,4511,3774,2842,1722,994,2/12/2024
501,20240212,S,1048,661,549,570,1198,3799,7456,8586,7764,7102,7279,7422,7651,7872,8446,8818,8575,7844,7026,4945,4005,3110,1965,1271,2/12/2024
501,20240213,P,541,423,394,624,1199,4010,7695,8319,7981,7111,7491,7385,7669,7320,6831,5609,4829,3898,6133,5654,4228,3616,2200,1258,2/13/2024
501,20240213,S,740,512,456,526,1281,4119,7963,8198,7987,7770,7514,7623,7990,8215,7694,8725,7667,7109,7572,6071,5029,4087,3221,2867,2/13/2024
501,20240214,P,689,474,408,625,1224,3918,7715,8210,8029,7622,7606,7064,7315,6889,6444,5285,4622,5424,6665,5729,4370,3702,2631,1617,2/14/2024
501,20240214,S,1004,550,528,561,1274,4247,8059,8665,8135,7522,7193,7792,8384,8511,8876,8615,7928,7721,7333,6053,5104,5898,3855,2104,2/14/2024
501,20240215,P,934,572,466,664,1285,4001,7580,8216,8038,7966,7528,7016,7513,7207,6548,5102,4677,5399,6486,5756,4745,3824,2364,1436,2/15/2024
501,20240215,S,1130,690,593,633,1323,4138,7896,8879,8186,7750,7736,7934,8112,8396,8955,8830,7836,7993,7867,6217,5085,4885,2988,1839,2/15/2024
501,20240216,P,821,523,451,642,1149,3459,6454,6444,7385,7302,6513,6039,7111,6727,5939,4788,4440,4989,5023,4655,3148,2653,2096,1420,2/16/2024
501,20240216,S,1126,737,629,580,1173,3587,6569,7840,7682,7687,7688,8289,8390,8529,8287,7860,7024,6499,5926,4500,4122,3807,3103,2314,2/16/2024
501,20240217,P,875,705,570,519,701,1716,2262,2854,4068,5803,6779,7389,7374,7358,6829,6825,7546,7137,6699,5899,4991,4306,3427,2662,2/17/2024
501,20240217,S,1361,1130,881,609,645,1002,1884,2947,4127,5750,6621,7588,7865,8058,8016,8168,7953,7437,7392,6506,5443,5492,4682,3158,2/17/2024
501,20240218,P,1596,1169,970,589,607,1279,1976,2558,3722,5442,6730,7332,7933,6824,8107,6438,6643,6666,5919,4847,3858,3126,2043,1232,2/18/2024
501,20240218,S,2281,1776,1399,755,656,937,1433,2218,3637,5335,7008,7976,7286,7365,8064,8226,8343,7520,6760,7215,4304,3680,2510,1616,2/18/2024
501,20240219,P,719,503,453,613,1111,3404,6492,7455,7209,7313,7323,6890,6877,5119,6633,5498,5549,5912,6050,4708,3692,2785,1693,1050,2/19/2024
501,20240219,S,1001,770,530,484,1162,3688,7068,7795,7513,7224,7564,8130,8265,8034,8569,8610,8457,8261,7017,5181,3960,3117,1987,1250,2/19/2024
501,20240220,P,570,401,380,626,1299,3951,7746,8096,8027,7766,7386,7199,6885,7080,6407,5410,5213,5038,6188,1932,3888,3323,2019,1141,2/20/2024
501,20240220,S,733,472,485,526,1252,4188,8098,8260,7780,7781,7884,7883,7820,8344,8764,8955,8642,8486,7756,5205,4700,5087,3718,1479,2/20/2024
501,20240221,P,712,455,440,609,1315,4111,8058,8397,7742,7706,7735,7651,7093,7433,6401,5333,4504,4938,5698,6162,4684,3489,2234,1348,2/21/2024
501,20240221,S,851,553,496,581,1310,4169,8125,8443,7881,7847,7884,7898,8073,8362,8761,7779,7709,8135,7697,5993,5261,4405,2693,1601,2/21/2024
501,20240222,P,714,546,470,616,1318,3998,7626,8537,8047,7312,7415,7444,7353,7469,4722,5140,4693,5519,7058,5747,4612,3914,2468,1415,2/22/2024
501,20240222,S,879,578,514,573,1269,4297,7965,8355,7532,7529,7674,7691,8351,8476,8921,9071,7954,7401,7689,6079,5141,6028,3176,1872,2/22/2024
501,20240223,P,770,625,531,632,1245,3649,6833,7292,7367,6822,7259,7372,7016,6687,6244,5288,4432,5343,6234,6276,5081,4576,3726,2581,2/23/2024
501,20240223,S,1173,838,687,624,1250,3862,7429,8302,8049,7734,7776,8212,8157,8356,8661,8645,8195,8182,7638,6621,5216,5522,4776,2980,2/23/2024
501,20240224,P,1380,993,787,599,776,2168,2980,4045,5771,6865,7146,7288,7503,7376,7248,7496,7467,7546,7124,6245,4985,5027,3776,2735,2/24/2024
501,20240224,S,2108,1629,1213,694,744,1288,2551,4316,5811,7285,7902,8332,8426,8551,8487,8578,8550,8373,7641,7391,7016,5914,4924,3375,2/24/2024
501,20240225,P,2114,1201,1002,644,660,1471,2554,3016,3992,5925,6797,7399,7440,7313,7336,7218,7340,6661,6280,5154,3913,3007,2193,1199,2/25/2024
501,20240225,S,2295,2108,1602,829,662,909,1612,2595,3894,5791,7507,8084,8409,8155,8035,8789,8327,7880,6920,5799,4401,3675,2666,1849,2/25/2024
501,20240226,P,751,510,422,680,1291,3818,7605,8506,8028,7807,7172,7416,7231,7248,7087,5632,5251,5630,6072,5054,3662,2798,1799,1004,2/26/2024
501,20240226,S,962,728,552,523,1133,3784,7477,8523,7954,7582,7426,7475,7969,7901,8692,8823,8605,8245,7200,5239,4225,3062,2203,1440,2/26/2024
501,20240227,P,638,479,386,613,1345,4008,7932,8717,7206,5573,6263,6330,6727,6959,7245,6408,6104,6488,7219,5197,3822,2993,2146,1158,2/27/2024
501,20240227,S,837,569,512,579,1200,3978,7706,8808,7148,5699,6184,6948,7023,7154,8417,8940,8977,8474,7321,5454,4404,3915,4684,1710,2/27/2024
501,20240228,P,644,422,370,585,1300,3962,7670,7784,8215,7345,7512,7826,7293,6760,6281,5237,4177,4743,6189,5740,4449,3687,2306,1222,2/28/2024
501,20240228,S,867,534,535,493,1201,3817,7799,8672,8011,7765,7728,7603,7888,7974,8689,8620,8164,7736,7752,6138,5217,5982,3246,1895,2/28/2024
501,20240229,P,760,564,445,607,1262,4028,7946,7791,8180,7728,7365,7686,7135,6514,5894,5327,4823,5197,6333,6438,4940,3980,2667,1493,2/29/2024
501,20240229,S,1060,651,563,561,1182,3872,7976,8466,7987,7452,7816,7826,8272,8191,8554,7387,7712,7196,6974,7019,5262,4502,4821,3206,2/29/2024
501,20240301,P,891,602,603,659,1207,3742,7094,7476,7144,7495,7544,7148,6253,4699,4835,4932,4333,5265,6445,5694,5297,4591,3563,2351,3/1/2024
501,20240301,S,1345,919,780,661,1231,3654,7418,8601,7879,7035,7582,8012,8280,7503,8065,8409,8156,7416,7388,7097,5423,5013,4628,3136,3/1/2024
501,20240302,P,1528,1085,834,679,750,1995,3215,4200,5817,7358,7407,7640,7031,7175,6544,7071,4088,4783,5693,5719,5180,4588,3616,3557,3/2/2024
501,20240302,S,2144,1689,1395,763,788,1294,2742,4719,6117,7183,8084,8385,8391,8444,8510,8243,8114,8021,7766,7106,5652,6201,5619,3496,3/2/2024
501,20240303,P,1766,1236,934,638,657,1272,2108,2653,3854,5775,7052,7564,7863,7829,6325,6036,6812,5812,6343,5692,4077,2896,1924,1359,3/3/2024
501,20240303,S,2251,1898,1675,799,601,872,1718,2610,3708,5517,6928,8040,8328,8184,8164,8298,8095,8021,6844,5491,4579,3788,2753,2177,3/3/2024
501,20240304,P,837,534,450,632,1272,3895,7519,8503,7864,7424,7284,7148,7267,7379,6768,5840,5261,6230,7027,4766,3676,2710,1949,1018,3/4/2024
501,20240304,S,2290,764,571,613,1141,3898,7664,8601,8142,7484,7401,7777,7863,8023,8779,8647,8606,8298,7159,5173,4156,4697,3340,1423,3/4/2024
501,20240305,P,620,491,400,592,1282,4091,7927,8332,6782,7981,7537,7470,7254,6688,6401,5666,4758,5037,6873,5422,3947,3303,2287,1243,3/5/2024
501,20240305,S,850,525,500,503,1226,3857,8158,8631,7881,7647,7550,7743,8067,8244,8931,8944,8676,8540,7715,5418,4483,3786,4063,2389,3/5/2024
501,20240306,P,724,544,384,590,1344,4124,7997,8258,8110,7854,7112,7409,7240,7336,6257,5110,4858,5344,6920,4834,3525,3535,2443,1324,3/6/2024
501,20240306,S,922,564,534,546,1232,4003,7707,8654,8219,7739,7646,8075,8400,8383,8618,8808,8355,8507,7979,6238,5082,4279,4430,2787,3/6/2024
501,20240307,P,707,562,416,620,1282,3962,7522,5734,8103,7502,7962,7667,7210,6657,5712,4721,4119,4870,6908,6287,4270,3681,2484,1380,3/7/2024
501,20240307,S,1015,632,591,616,1236,3867,8293,8457,8550,8100,7634,8166,8196,8420,8691,8612,8367,8202,7861,6342,5029,4689,4853,3287,3/7/2024
501,20240308,P,786,585,540,621,1166,3577,6270,6202,6590,6576,7068,6809,6947,7088,6416,6073,6257,6963,7757,6098,4801,4190,3529,2763,3/8/2024
501,20240308,S,1189,880,718,626,1091,2897,6471,7423,7412,7152,7237,7806,8273,8285,8642,8680,8705,7652,6218,6945,5588,5672,6499,3138,3/8/2024
501,20240309,P,1349,1037,763,603,749,2341,3139,4233,5712,6851,7007,6788,6944,6278,4333,5766,6827,7646,7252,2409,1912,3549,4307,3592,3/9/2024
501,20240309,S,2011,1578,1262,681,747,1232,2553,4222,5734,7288,7928,8066,8514,8442,8472,8271,8351,8318,7872,7301,6287,7037,5580,3721,3/9/2024
501,20240311,P,753,564,480,638,1323,3843,7091,7013,7982,7412,6736,6647,6829,6638,6082,4699,4113,5674,4957,5177,4169,3049,2161,1123,3/11/2024
501,20240311,S,1149,696,537,566,1178,3821,7505,8566,8341,7681,7825,7904,8210,8323,8668,8613,7442,7964,7009,5715,4546,5210,2912,1557,3/11/2024
501,20240312,P,682,473,423,617,1285,4117,7376,7174,7822,7388,7384,7517,7240,6953,5996,4657,4093,3919,6128,5907,4814,3691,2498,1345,3/12/2024
501,20240312,S,915,600,527,561,1218,4008,7898,8583,7975,8015,7630,7548,7720,8192,8599,8554,7408,8091,8284,6509,5421,4190,2897,1716,3/12/2024
501,20240313,P,761,539,391,656,1319,4043,7604,8279,8323,7819,7771,7481,6837,6805,5292,4434,3797,3648,5285,4710,3658,2813,1997,1100,3/13/2024
501,20240313,S,1085,594,530,605,1298,3883,7540,8643,8081,7966,7793,8245,8159,8369,8280,8020,6350,5516,6172,5015,4151,3757,2265,1491,3/13/2024
501,20240314,P,634,551,474,499,705,1288,1865,1869,1591,1600,1642,1729,2056,2080,2204,2270,2379,2079,1869,1522,1276,1105,981,601,3/14/2024
501,20240314,S,788,560,552,506,732,1395,1950,1918,1771,1698,1738,1981,2127,2237,2446,2566,2488,2293,1999,1547,1323,1140,964,810,3/14/2024
501,20240315,P,413,389,384,493,851,2033,3268,4134,4329,4746,5221,5484,6218,6604,6966,6945,7355,7271,6942,5539,4456,4040,3308,2249,3/15/2024
501,20240315,S,644,476,428,545,824,1842,3350,4396,4983,5331,5596,6273,6574,6809,7604,8120,8000,7698,7018,5575,4456,4784,3984,2861,3/15/2024
501,20240316,P,1434,964,812,642,818,1823,2555,3731,5259,6539,7166,7477,7025,6936,6891,6866,7355,7343,7109,6219,5704,4941,4061,2735,3/16/2024
501,20240316,S,2000,1471,1191,735,815,1289,2231,3808,4824,6497,7299,7934,8134,8389,8399,8509,8664,8368,8245,6051,4935,5603,5067,3527,3/16/2024
501,20240317,P,2038,1384,1084,713,635,1350,2164,2526,3506,5166,6470,7667,7559,7516,7138,7239,6961,6745,5819,4968,4336,3175,2219,1249,3/17/2024
501,20240317,S,2600,2293,1779,845,745,958,1577,2137,3243,4984,6570,7483,8171,8249,8593,8482,8138,7316,6607,5265,4680,3674,2792,1781,3/17/2024
501,20240318,P,834,538,517,704,1215,3815,6895,7744,7872,6424,6985,7236,6595,6280,6385,5365,4936,5543,5664,5031,4189,3247,2021,1191,3/18/2024
501,20240318,S,1085,803,596,560,1250,3764,7241,8410,8305,7882,7244,7717,7829,7753,8424,8789,8608,8336,7153,5506,4381,3462,2477,1543,3/18/2024
501,20240319,P,704,468,390,647,1280,4010,7629,8134,8006,7332,7513,4834,5005,6258,6169,5069,4331,4939,6449,6399,4866,3575,2414,1318,3/19/2024
501,20240319,S,848,573,524,552,1266,3774,7539,8592,8278,7930,7639,7710,7769,7847,8527,8645,8584,7954,7281,6051,5203,4248,3150,1728,3/19/2024
501,20240320,P,818,639,481,619,1296,3905,7500,8021,7896,7563,7595,7410,6751,6803,6159,5220,4981,5014,6098,6197,5097,3790,2667,1558,3/20/2024
501,20240320,S,1862,1354,540,600,1362,3950,7827,8667,8292,7942,7758,7942,7925,8131,8561,8797,8457,8347,8166,6688,5418,4305,3153,2435,3/20/2024
501,20240321,P,970,595,493,655,1308,3774,7512,7840,7293,7175,5990,5830,4910,6756,5809,4891,3738,4562,7165,6461,5094,4107,2836,1530,3/21/2024
501,20240321,S,2104,858,627,618,1246,3948,7667,8509,8299,7883,7758,8123,7758,8108,8515,8671,7928,7530,6922,6604,5553,6130,4029,2253,3/21/2024
501,20240322,P,899,592,509,615,1151,3017,6250,7137,7543,6825,7370,6635,6654,6422,5189,5222,5474,6126,7428,6869,5398,4396,3756,2541,3/22/2024
501,20240322,S,1298,948,716,617,1297,3487,6907,8197,8108,7822,7695,7965,8022,8166,8364,8390,8375,8357,7997,6620,6301,6392,5137,3121,3/22/2024
501,20240323,P,1436,1026,828,679,785,1717,2914,4180,5382,7253,7530,7174,6961,6500,7260,7159,6972,7773,7698,6325,5629,4724,3753,2639,3/23/2024
501,20240323,S,2233,1678,1369,727,849,1385,2675,4509,5902,7358,8292,8398,8298,8029,8418,8566,8491,8187,7930,6899,5561,6234,5064,3590,3/23/2024
501,20240324,P,1831,1204,1018,733,715,1216,2028,2516,3699,5823,7510,8036,7635,7471,7468,5938,6098,5718,4852,3481,2580,1999,1286,824,3/24/2024
501,20240324,S,2423,2246,1757,854,719,856,1613,2465,3521,5175,6746,7721,8002,8081,8274,7764,7424,6019,5296,3783,3106,2331,1753,1224,3/24/2024
501,20240325,P,445,431,396,578,1036,2525,4018,5252,5144,5475,5836,6019,6078,6320,6622,6734,5924,6884,6136,4064,3480,2779,1918,1247,3/25/2024
501,20240325,S,903,620,606,575,938,2395,4346,5345,5420,5604,6007,6266,6553,6731,7758,8141,8331,8055,6260,4655,3956,4701,2572,1376,3/25/2024
501,20240326,P,652,471,390,628,1245,3724,7267,8424,7995,7722,7710,7631,7311,6672,6204,5232,5117,5220,7237,5453,4293,3410,2329,1255,3/26/2024
501,20240326,S,819,556,487,503,1214,3808,7429,8507,7696,7585,7564,7628,8040,8236,8552,8822,8267,8109,7865,5919,4792,4975,4102,1676,3/26/2024
501,20240327,P,705,509,427,620,1244,3977,7633,8023,8162,7681,7399,7749,7038,7044,6059,5334,4558,4699,7109,6637,4667,3845,2491,1354,3/27/2024
501,20240327,S,918,583,481,559,1230,3922,7637,8529,8119,7689,7740,8026,8081,8151,8867,8391,7590,8491,7950,6411,5311,4285,4747,2316,3/27/2024
501,20240328,P,803,604,461,667,1280,3824,7310,5202,5322,7951,7307,7835,7453,7211,6344,5552,5035,5871,6946,6077,5210,3993,2807,1648,3/28/2024
501,20240328,S,1106,755,635,623,1241,4098,7846,8294,7768,7987,7751,7951,8205,8252,8600,7693,8394,8270,8357,6655,5656,4957,5497,2237,3/28/2024
501,20240329,P,896,647,580,635,1208,3407,6634,7146,7234,7110,7277,7332,6857,6831,5867,5151,4105,3786,6778,6431,5424,4415,3495,2350,3/29/2024
501,20240329,S,1305,905,738,665,1187,3570,7058,7919,8116,7848,8000,8193,8277,8500,8553,8491,8123,7996,7970,6889,5628,6176,4664,3110,3/29/2024
501,20240330,P,1522,1079,888,671,794,1548,2850,4054,5789,7242,7698,7052,7023,7051,6970,7539,6485,7709,7280,6322,5579,4819,3903,2875,3/30/2024
501,20240330,S,2171,1721,1238,758,774,1230,2478,4275,5612,7241,7802,8170,8170,8296,8414,8277,8634,8394,8260,8273,6116,5642,5235,3719,3/30/2024
501,20240331,P,2238,1259,902,737,788,1034,1649,2323,3467,5707,7103,7065,7755,6915,7000,7298,6976,7372,7047,6500,5438,3830,2267,1300,3/31/2024
501,20240331,S,2764,2085,1774,825,720,776,1402,2496,3689,5933,7838,8363,8538,8223,8499,8593,8813,8141,5205,5424,5332,3808,2499,1655,3/31/2024
501,20240401,P,804,499,485,648,1274,3696,7241,8565,8121,7630,7422,7500,7504,6700,6064,5982,4750,5585,5790,4552,3772,2728,1901,1053,4/1/2024
501,20240401,S,987,641,536,507,1209,3714,7483,8574,8188,7783,7717,7671,8097,7253,8278,8685,7513,7698,6427,4535,4093,3065,2112,1280,4/1/2024
501,20240402,P,624,466,411,627,1271,3920,7716,8316,8008,7470,5517,6060,7032,7239,5310,5411,4787,4838,7127,5964,4859,3764,2579,1229,4/2/2024
501,20240402,S,766,549,509,518,1267,3880,7795,8669,8101,8000,7678,7851,7694,7980,8559,8634,8027,8021,8109,6198,5331,6002,3687,2101,4/2/2024
501,20240403,P,730,513,450,673,1360,4114,7724,7874,8106,7735,7618,7675,7278,6764,6691,5788,4611,4853,6977,6165,5048,4079,2776,1377,4/3/2024
501,20240403,S,1035,646,498,599,1308,4129,8148,8496,8048,7986,7867,8034,8263,8420,8960,9003,8113,7883,8051,6565,5739,4885,3344,1861,4/3/2024
501,20240404,P,768,581,475,616,1287,4020,7665,8157,7537,7383,7619,7755,7182,6525,6184,5408,4729,4975,7369,6610,5255,4253,2811,1549,4/4/2024
501,20240404,S,906,631,593,609,1228,4058,8076,8493,7989,7592,7815,7841,8059,8316,8179,8425,7985,6083,8246,6758,5961,5097,5017,2507,4/4/2024
501,20240405,P,953,661,546,628,1274,3503,7019,7979,7463,7755,7356,7193,6809,6772,6125,5265,5080,6191,6957,6795,5720,4851,4091,2907,4/5/2024
501,20240405,S,1617,984,746,667,1300,3779,7309,8691,7857,8006,7919,8019,8144,8319,8223,8485,8427,8107,8140,7364,6333,7038,5648,3674,4/5/2024
501,20240406,P,1655,1295,900,708,737,1452,2876,4422,5655,7065,7711,7854,6796,7107,7339,6933,7388,7401,7040,5757,5003,4478,3616,2774,4/6/2024
501,20240406,S,3044,2054,1652,922,860,1342,2883,4660,6131,7541,8286,8523,8587,8550,8509,8230,8069,7774,7195,6333,6120,6496,3067,3826,4/6/2024
501,20240407,P,1587,1168,862,642,640,1082,1799,2869,3753,5908,7069,7887,7622,7305,7406,7144,7380,7430,6869,6214,4225,3393,2272,1360,4/7/2024
501,20240407,S,2492,1992,1538,802,683,899,1564,2475,4021,5598,7106,8231,8314,8200,8353,8889,8761,7836,7118,6032,4877,4036,4583,3200,4/7/2024
501,20240408,P,818,534,446,645,1270,3825,7392,6942,6891,7283,7160,6992,7134,6881,6952,5534,5300,3680,5851,5191,3981,3136,1993,1102,4/8/2024
501,20240408,S,1119,691,566,554,1279,3944,7792,8613,8145,7565,7197,7465,7527,7613,8434,8595,8627,8483,7170,5452,4488,3792,2938,1490,4/8/2024
501,20240409,P,692,475,451,660,1353,4151,7849,8209,7545,7734,7463,7294,7344,6160,6182,5625,4886,5012,7149,6361,4644,3659,2481,1373,4/9/2024
501,20240409,S,832,513,483,513,1287,4163,8203,8583,8026,7442,7472,7199,8117,8070,8757,8665,8551,8549,7924,6194,5521,4919,5033,2034,4/9/2024
501,20240410,P,764,554,425,631,1289,3943,7803,8168,7794,7905,7898,7555,7500,7036,6259,4790,3935,5131,7145,6930,4985,3897,2618,1454,4/10/2024
501,20240410,S,928,591,560,576,1293,4181,8313,8858,8309,7585,7884,7716,7820,8433,8739,8766,7833,7381,7743,6315,5556,4466,4360,3125,4/10/2024
501,20240411,P,826,560,450,673,1353,4012,7779,8258,8067,8007,7646,7573,7194,7369,6208,4918,3871,5076,6628,6199,5379,4189,2741,1518,4/11/2024
501,20240411,S,1139,677,541,591,1285,4052,8111,8496,7891,8039,7869,8092,7635,8481,8615,8606,7991,8280,7798,6815,5799,4986,3708,2253,4/11/2024
501,20240412,P,929,637,556,672,1250,3547,7048,7734,7352,7359,6828,6994,6406,6027,4968,5040,4603,5142,6296,6513,5817,4960,3956,2633,4/12/2024
501,20240412,S,1368,925,709,650,1290,3744,7698,8302,8235,8026,8007,8046,8235,8352,8175,8332,8251,8336,7950,6978,6128,6285,5276,3341,4/12/2024
501,20240413,P,1574,1074,897,718,785,1541,3148,4921,5770,6316,7294,6896,7262,7502,7070,6856,6868,6511,7249,6919,5987,5024,4282,3262,4/13/2024
501,20240413,S,2489,1811,1387,763,796,1377,3008,5039,6876,7713,6873,4631,8526,8422,8401,8579,8300,8346,7911,7119,6511,6197,5572,3980,4/13/2024
501,20240414,P,2188,1289,1128,758,691,1111,2071,3205,4544,6292,7058,7871,7112,7347,6050,6129,6901,7237,6575,5448,4691,3569,2251,1298,4/14/2024
501,20240414,S,3179,2116,1786,847,740,957,1871,2772,4123,6013,7333,8045,8493,8312,8222,8391,8039,8024,7113,6131,5254,4111,3095,1795,4/14/2024
501,20240415,P,725,568,428,646,1358,3983,7630,8311,7940,7545,7215,7137,7224,7054,6097,5550,5636,6414,6704,5384,4151,3040,1985,1109,4/15/2024
501,20240415,S,1157,750,597,567,1243,4010,7846,8542,7911,7659,7533,7683,7800,7952,8519,8464,8457,8481,7404,5431,4541,3409,2420,1539,4/15/2024
501,20240416,P,667,470,378,635,1311,3954,7435,8661,8466,7916,7645,7393,7644,6975,6226,5474,5891,5957,6623,6227,4876,3758,2299,1349,4/16/2024
501,20240416,S,843,543,454,525,1191,3869,7870,8980,8335,7446,7880,7720,7343,8310,7709,7083,7995,8456,7735,5635,4873,4165,3141,1716,4/16/2024
501,20240417,P,718,501,442,628,1354,4180,7746,7557,7219,7730,7902,7763,7364,6964,5723,4456,4420,5174,6346,6004,5076,3956,2507,1489,4/17/2024
501,20240417,S,1010,596,507,570,1339,4204,8356,9023,8090,8151,7868,7964,8266,8349,8845,8885,8432,8263,8119,6645,5691,4704,3280,1889,4/17/2024
501,20240418,P,850,578,482,703,1317,3963,7776,8498,7973,7338,6758,7000,7060,6301,5935,5386,5075,5486,6804,5986,4665,3807,2556,1524,4/18/2024
501,20240418,S,1046,677,570,589,1241,3893,7528,8407,7477,7141,7255,6871,8033,8140,8011,8871,8021,7886,7638,5930,5206,4627,5511,2262,4/18/2024
501,20240419,P,867,601,506,637,1196,3487,6764,7672,7588,7501,7560,7162,6901,6131,5454,5004,4034,4690,5716,5953,4919,4006,3266,2253,4/19/2024
501,20240419,S,1351,910,601,647,1212,3595,7105,8294,7988,7654,7676,7957,8210,8329,8464,8387,7480,7128,6731,5908,4759,4386,4844,3202,4/19/2024
501,20240420,P,1453,961,775,668,687,1376,2516,3323,4628,5741,7121,7135,7467,6220,5856,7096,7454,7347,7097,5779,5053,4637,3686,2885,4/20/2024
501,20240420,S,1984,1537,1220,729,697,1124,2077,3629,4874,6026,7070,7407,8069,7809,7305,7815,8094,8133,7350,6186,5592,7911,5817,4286,4/20/2024
501,20240421,P,1877,1281,961,689,720,1037,1891,2710,3995,5595,7018,8134,7676,7630,7186,7343,7364,7575,6477,5373,4929,3614,2378,1610,4/21/2024
501,20240421,S,2672,2106,1626,854,716,861,1576,2473,3775,5632,7056,8181,8165,8395,8356,7848,8882,8259,7300,6154,5651,4640,3421,2248,4/21/2024
501,20240422,P,814,566,500,672,1315,3845,7840,8552,7473,6321,7154,7385,7390,7289,6760,5651,5038,5937,7096,6377,4606,3416,2390,1478,4/22/2024
501,20240422,S,1267,805,612,611,1278,4123,8120,8949,8148,7465,6852,7484,7011,7280,8555,6357,8501,8536,7345,5709,4947,4431,4016,3538,4/22/2024
501,20240423,P,773,495,448,645,1337,4144,7918,8519,8172,8053,7730,7506,7254,7290,6753,5462,4601,5132,4747,3552,4599,3712,2423,1332,4/23/2024
501,20240423,S,1140,687,529,555,1320,4186,8428,8851,7962,7874,7679,7754,8057,8159,8528,8939,8382,8255,7840,6281,5407,4819,3567,1936,4/23/2024
501,20240424,P,746,525,425,657,1346,4131,7927,8260,8002,7745,7491,7350,7248,6713,6014,4745,4736,5038,5840,5982,5411,4220,2784,1542,4/24/2024
501,20240424,S,1150,609,498,600,1392,4332,8224,8448,7436,7693,7739,7959,7978,8074,8736,8785,7949,8444,8375,6343,5964,5761,4251,2589,4/24/2024
501,20240425,P,864,575,501,686,1383,4115,7702,7733,7313,7663,7561,7504,6720,5838,6211,4779,3841,3782,5764,6390,5291,4002,2695,1718,4/25/2024
501,20240425,S,1298,827,626,624,1319,4289,7739,8471,7860,7942,7722,8150,7626,7849,7940,7760,7044,7366,7706,6750,5659,4760,4313,2775,4/25/2024
501,20240426,P,884,658,561,635,1287,3690,7160,7841,6418,7119,7474,7353,6548,6262,5028,4278,3189,3995,6568,6288,4973,4065,3578,2511,4/26/2024
501,20240426,S,1657,1016,779,677,1329,3975,7880,8274,8002,7604,7598,7962,8304,8354,8424,8092,7580,7959,7181,6402,5335,4837,5358,5189,4/26/2024
501,20240427,P,1594,1136,860,595,732,1318,2337,3408,4340,5792,5993,5988,6366,6642,6098,6905,7006,7551,6534,4738,4479,4364,3469,2465,4/27/2024
501,20240427,S,2300,1731,1451,705,724,1140,2144,3340,4631,5594,5874,6261,6474,6808,6968,6869,7331,7200,6452,5439,5007,6586,5376,3508,4/27/2024
501,20240428,P,1627,1150,883,619,704,1215,2064,2879,3813,5922,7700,7883,7703,7346,6971,7162,6920,7349,6364,5337,4618,3486,2461,1366,4/28/2024
501,20240428,S,2195,1779,1480,739,648,1118,1799,2364,3610,5429,7171,7664,8082,7680,7759,9122,8252,7964,6530,5779,5229,4059,3294,2136,4/28/2024
501,20240429,P,849,602,511,643,1369,3932,7228,7187,7116,7341,6900,6786,5781,7001,6895,5658,5367,5749,7385,6429,4340,3042,2225,1268,4/29/2024
501,20240429,S,1297,694,597,571,1242,4228,8097,7919,8348,7908,7420,7720,7612,7908,8696,8845,8725,8489,7189,5584,4682,3622,4267,3159,4/29/2024
501,20240430,P,713,464,442,604,1387,4172,7709,7808,8319,7521,6250,7340,7237,6749,5772,5021,3629,3773,6506,6220,4978,3699,2369,1357,4/30/2024
501,20240430,S,1097,664,522,572,1294,4365,8299,8668,7696,7777,7218,7540,8169,8103,8713,8873,8253,8167,8053,6208,4834,3555,4014,2347,4/30/2024
501,20240501,P,804,504,412,632,1302,4312,7785,8271,8003,7682,7775,6503,6720,7110,6215,5243,4554,4643,6514,5611,5087,3938,2620,1425,5/1/2024
501,20240501,S,1164,742,592,578,1328,4373,8298,8523,7759,7530,7105,7545,7177,7028,6935,8359,7961,8262,8256,5540,5443,4386,3097,1893,5/1/2024
501,20240502,P,808,555,446,658,1363,4115,7756,8186,7930,7497,7696,7355,7248,6658,6335,5335,4765,5221,6385,5836,5290,4266,2725,1477,5/2/2024
501,20240502,S,1190,709,572,620,1308,4256,8374,8607,7899,6801,7388,7624,7196,7130,8576,8566,8489,7491,5456,5957,5779,5046,3779,2586,5/2/2024
501,20240503,P,897,648,515,665,1325,3752,7042,7771,7738,7578,7330,6988,7031,6284,5745,4675,4645,5727,6740,6703,5746,4998,3771,2637,5/3/2024
501,20240503,S,1331,843,681,682,1289,3957,7754,8565,8161,7846,7867,8132,8176,8519,8658,8531,8390,8278,7359,6642,5890,5807,4967,3494,5/3/2024
501,20240504,P,1415,934,709,603,753,1505,3083,4822,6309,7506,7643,6964,6620,7136,6831,7349,7381,7636,7470,6439,5382,4642,4117,3420,5/4/2024
501,20240504,S,2162,1620,1499,806,794,1479,3346,5445,6945,7986,8261,8250,7828,8247,8216,8323,7945,8138,8349,8387,8280,6514,5493,4523,5/4/2024
501,20240505,P,2107,1200,1042,715,710,1145,2008,3252,4570,6288,7214,7673,7583,7559,7408,6888,6344,6386,6389,5372,4761,3799,2357,1536,5/5/2024
501,20240505,S,2858,2399,1765,907,689,963,1880,3072,4623,6788,7986,8508,8280,8131,8217,8547,8386,7824,7589,6263,5529,4699,3658,2133,5/5/2024
501,20240506,P,809,516,483,616,1351,3890,7253,7583,7489,7353,6923,7008,7264,7257,7136,6091,5766,6447,7467,5881,3892,3103,2181,1167,5/6/2024
501,20240506,S,1301,972,688,580,840,2939,7203,8470,7681,7329,7790,7408,7550,7869,7708,8514,8589,8760,6822,5116,4308,3464,4697,2155,5/6/2024
501,20240507,P,653,492,423,605,1385,4134,8090,8497,8367,7806,7634,7659,7380,7278,5671,5124,3916,5210,6331,5642,4895,3781,2422,1452,5/7/2024
501,20240507,S,1012,629,583,549,1285,4254,8336,8284,8256,7724,7111,7700,8108,8389,8589,8892,8343,8191,7654,6085,5617,4990,3195,2102,5/7/2024
501,20240508,P,771,519,421,657,1369,4271,7607,8072,8330,7578,7675,7611,6909,7009,5781,5149,4751,4897,6405,5754,5167,4055,2595,1424,5/8/2024
501,20240508,S,1049,658,535,561,1297,4397,8352,8503,7843,8112,8017,8158,8028,7725,8748,8784,7444,8256,8287,6497,5858,5431,3763,2076,5/8/2024
501,20240509,P,885,550,494,671,1385,4218,7914,8331,8403,7896,7775,7445,6814,6713,6106,4841,4369,4690,6655,6052,5207,4339,2977,1470,5/9/2024
501,20240509,S,1158,767,526,644,1348,4114,8316,8869,8458,7280,7526,7217,7301,8169,8296,8587,7409,7648,8250,6853,5866,4851,3466,2367,5/9/2024
501,20240510,P,902,611,551,680,1234,3530,7002,6218,5163,6616,7242,6807,6673,6262,5868,5105,5116,6181,6986,6879,5718,5287,4581,2923,5/10/2024
501,20240510,S,1285,924,673,660,1236,3745,7495,8369,8431,8057,7879,8188,8352,8647,8598,8589,8405,8171,8061,7516,6562,6418,5391,4219,5/10/2024
501,20240511,P,1803,1260,893,642,791,1563,3212,5025,6433,7261,7613,7082,7146,5813,5859,6456,7055,7283,7597,7066,5690,5457,4430,3124,5/11/2024
501,20240511,S,2573,1980,1611,942,826,1466,3121,5089,6550,7390,8086,6916,6058,8131,8245,8391,8163,8197,7996,7495,6826,7021,6632,2561,5/11/2024
501,20240512,P,1816,1174,977,722,628,1006,1740,2765,3803,5840,6717,6650,7033,6419,7420,7069,7074,6492,5952,5492,4831,4096,2453,1423,5/12/2024
501,20240512,S,2663,2182,1978,1107,813,955,1664,2557,3908,5675,6525,5809,7012,7472,8188,8204,8194,7143,6872,5727,4886,4256,2772,1991,5/12/2024
501,20240513,P,836,524,451,671,1295,4114,7788,7994,7509,7241,7099,7450,7083,6923,6521,5502,5129,6506,8063,5988,4609,3471,2441,1368,5/13/2024
501,20240513,S,1409,796,602,574,1323,4301,8248,8633,8264,7836,7622,7300,7699,7916,8423,8725,8688,8194,6664,5638,4757,3934,5418,2107,5/13/2024
501,20240514,P,715,513,426,657,1397,4382,7942,8365,7890,7700,7445,7345,6282,5947,6249,5070,4382,3839,6149,7029,5293,3589,2472,1749,5/14/2024
501,20240514,S,1055,678,525,626,1320,4483,8531,8794,8042,7871,7624,7958,7910,7540,8438,8097,6901,8099,7700,6183,5395,4041,2988,4526,5/14/2024
501,20240515,P,899,565,478,688,1427,4378,7783,8240,8131,7487,6999,7015,6664,6944,6532,5571,5266,4863,6355,6349,5098,3920,2577,1487,5/15/2024
501,20240515,S,1742,796,544,594,1335,4362,8392,8719,8199,7862,7640,7881,7869,8104,8696,8621,8129,8179,8110,6542,5311,4603,3417,2044,5/15/2024
501,20240516,P,819,552,489,696,1415,4211,7643,7333,7847,7372,6930,6436,5381,6148,5003,4789,4415,4517,5851,6057,5656,4891,2985,1701,5/16/2024
501,20240516,S,1045,642,549,631,1332,4358,8221,8521,7765,7279,7708,7509,7635,7925,8204,8168,7695,7971,8136,6407,5671,5195,3752,2207,5/16/2024
501,20240517,P,963,670,521,699,1338,3942,6965,7315,6848,7098,6716,6452,6584,5437,5655,4852,4526,5407,7000,7150,6032,5448,4124,4123,5/17/2024
501,20240517,S,1382,944,729,650,1336,4098,7869,8380,7512,7373,7216,7795,7909,7779,7698,8054,7836,7644,7620,7305,6235,5936,4677,3798,5/17/2024
501,20240518,P,2509,1292,866,721,827,1677,3101,4873,5945,6699,6790,6621,6343,6363,5613,6078,6317,6550,7282,6585,5687,5126,4581,4514,5/18/2024
501,20240518,S,4753,2088,1551,822,829,1531,3609,5428,6735,7788,7955,8363,8596,8336,8502,8524,8314,8291,8316,7129,6188,5820,5278,5001,5/18/2024
501,20240519,P,2318,1544,1076,744,897,1612,2807,3808,5377,6525,6326,6898,6029,6836,6685,7433,8250,7744,6515,5197,4841,4060,2632,1521,5/19/2024
501,20240519,S,3852,2098,1835,954,793,1113,2141,3376,4976,6814,7782,8206,8255,8391,8276,7991,7961,7908,6916,5543,6188,5723,3385,2712,5/19/2024
501,20240520,P,852,599,486,661,1400,4201,7326,7748,7510,7008,6744,7342,7081,6895,6445,5429,4760,5044,6219,5467,4674,3732,2445,1442,5/20/2024
501,20240520,S,1298,837,654,605,1308,4321,8168,8436,8007,7708,7380,7754,7623,8036,8391,8543,8271,8069,6809,5645,4510,3662,3147,3086,5/20/2024
501,20240521,P,778,504,444,613,1332,4337,7580,7869,7571,6970,7153,7304,7200,5129,4250,4841,4330,4994,6213,5346,4621,3808,2582,1413,5/21/2024
501,20240521,S,1052,652,539,597,1356,4468,8340,8781,7907,7189,7512,6752,7353,6928,7225,7920,7609,7994,7526,5936,5007,4097,3068,1959,5/21/2024
501,20240522,P,813,513,430,652,1403,4342,7577,7503,7874,7620,7240,7274,7269,6369,6337,5070,3634,3979,5977,6053,5587,4411,2897,1531,5/22/2024
501,20240522,S,1085,670,559,613,1327,4522,8346,8384,7701,7419,7116,7635,7776,7520,8172,8611,8262,8125,8120,6546,5858,5044,3660,2064,5/22/2024
501,20240523,P,856,599,475,694,1405,4111,7427,7811,7812,7314,6394,6691,6593,6414,5766,5496,4644,4613,5909,6332,5596,4401,2895,1592,5/23/2024
501,20240523,S,1155,694,605,598,1308,4489,8380,8522,8161,7477,7583,7296,7260,7566,7864,8142,7504,7544,7834,6333,5915,4876,3811,2388,5/23/2024
501,20240524,P,972,767,617,838,1296,3675,6711,7240,6869,7053,6615,6041,6443,5918,5883,5154,5039,6131,7013,6552,5356,4692,3790,2716,5/24/2024
501,20240524,S,1699,1129,765,699,1283,3844,7567,8182,6254,6734,6341,6813,7996,7999,7869,7305,7388,7696,7800,6753,5941,5842,5654,3365,5/24/2024
501,20240525,P,1568,1132,831,820,818,1525,2784,4292,5786,6724,7266,6393,5814,5616,6466,7019,7397,7209,7600,6495,5503,4909,3951,2980,5/25/2024
501,20240525,S,2525,1771,1416,851,933,1557,3055,4740,5933,7186,7855,7955,7772,8122,8311,8242,8230,7892,7123,6778,6002,5838,6453,3881,5/25/2024
501,20240526,P,1741,1226,911,676,690,1040,1824,3006,4345,6097,7556,7668,7198,7567,7125,7200,7167,7180,6553,5750,4997,4417,3444,2131,5/26/2024
501,20240526,S,2447,1856,1684,849,655,993,1846,2849,4174,6098,7049,7998,7703,8170,8194,8542,8812,8415,7790,6372,5407,5107,4211,2937,5/26/2024
501,20240527,P,1237,867,653,562,764,2025,3128,3410,3901,5222,6309,7016,7410,7469,6750,6520,6462,6055,5778,5211,4782,3680,2474,1424,5/27/2024
501,20240527,S,1809,1258,923,568,621,1248,2120,2924,3990,5358,6609,7593,7777,7709,7875,7744,7729,7976,6582,5824,4952,4025,2960,2024,5/27/2024
501,20240528,P,781,507,426,644,1380,4341,7488,8136,7659,7901,6900,6951,6818,6615,5802,4962,4615,5198,6577,5655,5072,4546,2633,1431,5/28/2024
501,20240528,S,1084,667,472,557,1347,4462,6427,8010,8016,7193,7187,7092,7280,7491,7705,8092,6883,7582,7218,5826,5156,4961,3826,2178,5/28/2024
501,20240529,P,784,530,461,615,1396,4453,7476,7998,7850,7261,6869,6938,6728,6571,5928,5128,4645,4240,5746,5821,5197,4098,2686,1572,5/29/2024
501,20240529,S,1244,742,585,634,1413,4601,8446,8529,7737,7308,6328,7257,7736,7597,8527,8556,8195,7800,7775,6388,5291,5779,3737,2209,5/29/2024
501,20240530,P,894,595,512,692,1332,4352,7562,7831,7713,7049,6261,6940,6694,5980,5739,4859,4422,4496,5857,6071,5712,4610,3102,1631,5/30/2024
501,20240530,S,1356,789,603,690,1320,4512,8124,8266,8049,7454,7187,7755,7700,7868,7745,8293,8122,8332,8110,6601,5687,4974,4059,2638,5/30/2024
501,20240531,P,948,694,571,697,1311,3895,7092,8007,7275,7084,7126,7035,6532,5863,5302,4760,4441,4891,6322,6521,5806,5105,4371,3113,5/31/2024
501,20240531,S,1413,1026,748,665,1297,3846,7712,8419,7970,7685,7384,7261,8153,8150,8349,7882,6785,7849,8100,7208,5940,5794,5539,5284,5/31/2024
501,20240601,P,1826,1154,924,734,931,1838,3497,5235,6381,7098,7318,7230,6672,6405,6427,6539,6895,7535,7659,6365,5582,5151,4465,3468,6/1/2024
501,20240601,S,2766,1887,1555,871,917,1762,3632,5137,6336,7475,8166,8302,8273,8319,7947,7564,8158,8206,8095,7320,6882,6207,6854,5125,6/1/2024
501,20240602,P,2232,1398,1152,779,758,1219,2104,3346,4589,6227,7115,7033,6873,7105,7100,7092,7295,7021,6551,5469,4632,3740,2461,1561,6/2/2024
501,20240602,S,3277,2181,1985,884,756,1069,1925,3096,4535,6282,7053,6431,7787,8131,6746,6557,8248,8189,6958,6050,5177,4213,3334,2237,6/2/2024
501,20240603,P,853,603,504,657,1429,4258,7550,7889,7616,5109,5847,6030,5933,6644,6362,4952,4445,5334,6231,5518,4455,3554,2295,1291,6/3/2024
501,20240603,S,1346,805,598,595,1313,4175,8352,7890,7798,7862,7472,7609,7877,8006,8618,8608,7922,8597,7782,5706,4710,5154,2893,2039,6/3/2024
501,20240604,P,775,525,462,681,1353,4532,7487,7981,7550,7142,6800,6864,6436,6320,5592,4734,4672,4441,6079,5948,5277,4128,2742,1634,6/4/2024
501,20240604,S,1005,687,547,576,1299,4500,8575,8536,7650,7886,7635,7698,7740,7889,8309,8474,8259,8343,8140,6464,5518,5898,3180,2308,6/4/2024
501,20240605,P,925,558,438,685,1399,4334,7375,7617,7692,6876,6627,6546,5942,5495,5258,4859,3493,4607,4664,4898,5230,4430,3141,1752,6/5/2024
501,20240605,S,1329,704,571,549,1400,4524,8265,8428,7768,7367,6955,7004,6894,7217,7981,8152,7291,6687,6184,6782,5435,6310,5065,2470,6/5/2024
501,20240606,P,999,607,552,709,1371,4470,7456,7849,8028,7212,6275,6437,6030,5744,5300,4561,3948,4134,6019,6109,5663,4757,3265,1924,6/6/2024
501,20240606,S,1385,787,661,626,1264,4629,8217,8481,7830,7413,7311,6469,7411,7740,8070,7342,6517,6827,7291,6137,5691,5318,4163,2675,6/6/2024
501,20240607,P,974,699,581,743,1300,3953,7087,7446,7439,7045,6569,6820,6021,6444,5667,5227,5020,5790,6912,6756,5715,5076,4139,3341,6/7/2024
501,20240607,S,1480,959,724,692,1309,4217,7753,8144,7906,7462,7383,7578,7799,7728,8009,8190,8120,7647,7408,6760,5908,5557,4720,3530,6/7/2024
501,20240608,P,1930,1229,904,696,959,1883,3432,4867,6258,6849,7273,6008,5653,5275,6794,7002,5060,5094,6880,6304,5588,5095,4883,4098,6/8/2024
501,20240608,S,2553,1899,1416,827,910,1595,3293,4936,6149,7303,7910,6732,6328,8025,8054,8186,7602,6802,8348,7120,5994,5794,4986,4102,6/8/2024
501,20240609,P,2288,1439,1033,731,748,1246,2223,3295,4661,6387,7182,7399,6990,6794,6814,7587,7142,7231,6220,5425,4634,3623,2500,2573,6/9/2024
501,20240609,S,2584,1991,1715,942,787,1212,2020,3058,4639,6466,7523,8102,8237,8288,8425,8369,8307,8150,6971,5822,5239,4350,3096,2179,6/9/2024
501,20240610,P,933,616,519,682,1427,4187,7385,7597,7330,7432,7152,6899,6265,6028,5632,4577,4237,4341,5939,5275,4386,3567,2300,1239,6/10/2024
501,20240610,S,1244,802,662,633,1405,4573,8029,8606,7807,7546,6824,7311,7759,7807,8383,8504,8348,8293,7175,5371,4667,3798,2581,1596,6/10/2024
501,20240611,P,711,500,494,640,1366,4538,7705,7947,7923,7759,7421,7070,6422,6713,5763,5031,4472,4545,6360,5939,5178,4149,2585,1476,6/11/2024
501,20240611,S,994,653,564,568,1382,4574,8300,8554,7914,7779,7728,7721,7467,7343,7856,6870,6452,6470,7704,6169,5559,4476,3332,2050,6/11/2024
501,20240612,P,792,549,453,661,1383,4595,7665,8019,7961,7677,6963,6592,6541,6446,5955,4767,4034,4630,6147,6118,5448,4560,2857,1746,6/12/2024
501,20240612,S,1110,682,528,590,1415,4825,8213,8438,7456,7787,7696,7715,7339,7300,7797,7489,8124,8067,8101,6622,5443,4970,3697,2341,6/12/2024
501,20240613,P,1010,576,496,726,1402,4558,7473,7984,7502,6864,7093,6755,4928,6218,5416,4760,4236,4310,6114,5656,5783,4823,3314,1872,6/13/2024
501,20240613,S,1267,770,589,663,1402,4764,8226,8438,7447,7923,7739,7603,7364,7156,6806,6427,6198,6797,7007,6292,5901,4611,3852,2295,6/13/2024
501,20240614,P,1039,715,572,743,1327,4020,7178,7619,7673,7067,6825,6712,6361,6004,4961,4558,5317,6035,5234,4595,5264,5273,4815,3299,6/14/2024
501,20240614,S,1450,1026,738,720,1341,4294,7817,8378,8116,7831,7662,8021,8009,7938,7823,7557,7947,7822,7054,7207,6179,6621,5648,6488,6/14/2024
501,20240615,P,2437,1344,936,745,893,1810,3352,4847,6197,6925,7277,6894,7052,6505,6422,6640,7548,6582,6080,5778,6112,5515,4935,3817,6/15/2024
501,20240615,S,5450,2187,1618,862,946,1788,3615,5262,7203,8076,8310,8158,8087,7744,7910,7658,7580,7077,6766,7073,6246,6612,6338,7045,6/15/2024
501,20240616,P,2630,1701,1163,827,780,1237,2184,3388,4580,6007,7141,7567,7482,7215,6129,6041,7253,5029,7050,6654,5686,4746,2996,1889,6/16/2024
501,20240616,S,6122,3011,2469,1113,790,1133,1982,3015,4811,6884,7834,8103,8185,8095,8158,8295,8054,7285,7588,6498,5992,4944,3976,3607,6/16/2024
501,20240617,P,988,620,483,694,1383,4380,7436,7929,8055,7595,7074,6771,6688,6463,6171,5206,4680,4772,6655,6129,4958,3743,2684,1788,6/17/2024
501,20240617,S,1399,938,672,608,1355,4597,8140,8568,7799,7680,7300,7749,7909,7630,8072,7822,7344,7443,7406,6172,5157,5603,3903,3550,6/17/2024
501,20240618,P,962,580,466,689,1418,4600,7675,7658,7403,6959,6444,5302,5282,5997,5755,4988,4359,4800,6026,6164,5124,4126,2699,1590,6/18/2024
501,20240618,S,1420,787,671,623,1373,4741,8331,8324,7908,7642,7657,7722,7880,7947,8316,8213,8449,8268,8129,6414,5616,5561,4499,2311,6/18/2024
501,20240619,P,900,590,479,708,1351,4124,7326,7760,7267,7536,6663,6330,6629,6425,5872,5104,4782,5118,6574,5937,5363,4330,2856,1643,6/19/2024
501,20240619,S,1396,810,584,628,1356,4470,8068,8423,8018,7872,7723,7944,7878,8046,8312,8179,7788,7656,8039,6576,5818,6108,4729,2444,6/19/2024
501,20240620,P,909,553,491,734,1455,4453,7505,7928,7954,7368,7266,6922,6240,6226,4853,5072,4180,4967,5445,4997,4575,4365,3469,2065,6/20/2024
501,20240620,S,1283,774,578,657,1381,4720,8212,8369,7869,7805,7751,7808,7877,7935,8176,8124,7884,7669,7255,7009,5379,5068,4723,5469,6/20/2024
501,20240621,P,1378,712,595,735,1345,4002,6907,7747,7084,6605,5193,5630,6200,5723,4989,4170,4286,5540,6778,6558,5895,5353,4337,2760,6/21/2024
501,20240621,S,2616,1247,870,760,1338,4288,7763,8297,8120,7890,7125,7741,7862,7871,7919,8130,7907,8099,8009,6701,6075,6336,5614,3554,6/21/2024
501,20240623,P,1780,1488,844,620,828,1430,2303,3403,5273,6775,7839,7917,7056,6539,6929,6793,7055,6731,6581,5524,4894,4079,2719,1648,6/23/2024
501,20240623,S,2928,2481,2110,1257,890,1148,1989,3124,4508,6437,7837,7935,7242,7052,7182,7413,7402,7116,6903,5587,5363,4889,3428,2372,6/23/2024
501,20240624,P,964,639,516,754,1445,4410,7292,8051,7639,7488,7261,6944,6603,6743,6297,5585,5137,5139,4907,5098,4446,3964,2440,1395,6/24/2024
501,20240624,S,1408,886,670,656,1362,4613,8173,8300,7304,7649,7449,6846,6464,7151,8058,8494,8415,8345,7411,5897,4609,4127,2966,1665,6/24/2024
501,20240625,P,839,506,428,697,1431,4647,7407,8119,7710,6994,6554,7112,7255,6080,5559,4919,4669,5047,6631,6081,5246,4122,2938,3869,6/25/2024
501,20240625,S,1073,696,531,625,1496,4779,8062,8284,7774,7688,6699,6364,6042,6787,7072,7368,6950,6339,6652,6255,5441,4720,3971,3334,6/25/2024
501,20240626,P,1301,584,485,736,1451,4679,7432,7852,7811,7151,6585,6397,6503,5898,4235,3929,3854,3558,5748,6002,5358,4386,3072,3953,6/26/2024
501,20240626,S,1276,782,565,614,1483,5015,8286,7866,7957,7817,7263,7564,7895,7990,7961,7552,7179,7357,7267,6532,5461,5036,3670,2460,6/26/2024
501,20240627,P,1353,698,515,0,813,4534,7356,7253,7496,6623,5571,6201,5836,4872,5086,4956,5247,5607,6242,6583,5370,4733,3287,2071,6/27/2024
501,20240627,S,1436,740,661,678,1397,4838,8214,8518,7890,7378,7855,7884,7629,7986,8229,7905,7135,6847,7298,7081,5793,5151,4922,4480,6/27/2024
501,20240628,P,1547,1077,681,792,1401,4031,6940,7460,7602,7195,6725,6445,6309,5800,5466,5132,5747,5174,5713,6266,5614,5207,4322,3277,6/28/2024
501,20240628,S,5986,2116,886,749,1397,4447,7890,8467,8012,7868,7706,7970,7872,7651,7865,8068,7906,7648,7427,7229,6089,5673,5587,5872,6/28/2024
501,20240629,P,2300,1522,978,771,1031,1999,3400,4565,5917,7249,7699,7206,6869,6697,6745,6259,6593,5454,5797,6383,5313,5279,4607,3088,6/29/2024
501,20240629,S,3663,2227,1734,961,969,1805,3380,4982,6539,7637,8076,8238,8104,8098,8099,7733,8226,7971,7121,6584,6117,5726,5443,3863,6/29/2024
501,20240630,P,2097,1458,1194,814,812,1376,2205,3360,4451,6260,7300,7374,7664,7072,7091,6849,7158,6155,6355,5480,4588,3994,3544,2471,6/30/2024
501,20240630,S,3440,2742,2081,1059,818,1198,2127,3238,4640,6437,7476,8148,8357,8364,8111,8482,7961,8245,7779,5973,5417,4649,3496,2276,6/30/2024
501,20240701,P,1007,598,471,731,1429,4402,7558,7973,7677,7228,7018,6700,6670,6480,5756,5078,4971,5015,6301,5249,4519,3665,2473,1405,7/1/2024
501,20240701,S,1355,840,647,651,1430,4574,8286,8671,8005,7549,7526,7692,7839,7797,8471,7918,8467,8448,7685,5933,4754,4794,3796,2002,7/1/2024
501,20240702,P,749,524,450,710,1448,4516,7629,8119,8002,7439,7175,7033,6676,6546,5620,5043,4189,4376,5238,6243,5043,3965,2942,1573,7/2/2024
501,20240702,S,1080,721,547,589,1399,4545,8294,8646,8019,5816,6175,7764,7917,7950,8348,8357,8001,7545,7345,6325,5438,5214,4372,2186,7/2/2024
501,20240703,P,931,604,571,742,1427,4452,7226,7689,7552,6974,7145,6604,6239,6165,5195,4310,4130,4598,5912,6099,5407,4540,3723,2361,7/3/2024
501,20240703,S,1413,893,671,667,1421,4453,7896,8334,8049,7781,7652,7921,8033,7996,8106,7885,7484,7171,7010,6522,5852,6350,5537,3177,7/3/2024
501,20240704,P,1332,929,669,680,869,1768,2894,3507,4512,5633,6109,6583,6810,6670,7034,7019,7194,6845,5829,4843,4622,3889,4640,3083,7/4/2024
501,20240704,S,1969,1315,951,636,940,1418,2537,3127,3788,4718,5596,6129,6554,6601,6759,6733,6711,5968,5679,5080,4430,4612,7603,5896,7/4/2024
501,20240705,P,1619,975,702,653,887,2216,4223,5135,6052,6858,7544,7331,7236,7090,6620,6822,6958,7464,5909,1161,4375,4590,3744,2641,7/5/2024
501,20240705,S,2863,1767,1195,754,928,2103,4360,5600,6162,7146,7549,7761,7904,8250,7993,8208,8258,7720,7592,6053,5438,5835,6925,3589,7/5/2024
501,20240706,P,1455,958,769,646,753,1468,2883,3791,5641,7177,7723,7535,7478,7211,7230,7267,7379,7687,7032,6160,5328,4918,4264,3203,7/6/2024
501,20240706,S,2209,1468,1254,756,771,1310,2624,3791,5107,6495,7577,8021,7996,8223,8328,8027,7706,8161,8077,6967,6124,6772,5913,3770,7/6/2024
501,20240707,P,2407,1187,902,687,763,1269,2085,2851,4188,5969,7270,7703,7920,5966,6159,6973,6822,6641,6451,5480,4618,3566,2381,1392,7/7/2024
501,20240707,S,2757,2031,1797,885,835,1068,1978,2820,4224,6187,7543,7625,7949,8251,8388,8772,8422,7692,6766,5677,5291,4344,3561,2237,7/7/2024
501,20240708,P,903,588,507,715,1367,4421,7544,8041,7833,7352,7398,7432,6832,6630,6456,5152,4788,4968,6475,5385,4561,3603,2393,1285,7/8/2024
501,20240708,S,1196,799,605,628,1314,4427,7836,8490,8031,7851,7470,7703,7807,7837,8308,8442,8292,8242,7592,5804,4771,4253,3028,1704,7/8/2024
501,20240709,P,820,519,467,675,1450,4561,7394,8138,7744,7655,5814,6116,4929,6236,6439,5309,4349,5025,6625,5785,4957,4010,2477,1376,7/9/2024
501,20240709,S,938,666,567,545,1338,4570,8241,8565,7669,7781,7750,7803,7860,7895,8306,8617,8231,8057,8035,6085,5429,4572,3151,1867,7/9/2024
501,20240710,P,837,544,503,644,1441,4680,7688,8062,7962,7496,7118,6798,6771,6439,5283,4678,4543,4478,6556,6751,5573,4288,3359,2589,7/10/2024
501,20240710,S,1090,711,582,603,1384,4694,8326,8444,7944,7533,7660,7922,7840,7875,7984,7789,7054,6709,7710,6517,5743,4995,3462,2971,7/10/2024
501,20240711,P,1002,669,553,723,1445,4483,5540,6880,7806,7099,7119,6809,6599,6386,5424,4550,4214,4002,5618,6811,5936,4721,3306,1999,7/11/2024
501,20240711,S,1364,796,648,665,1398,4661,8142,8287,7888,7769,7742,7901,7864,7436,7306,7575,7701,7818,6701,5877,5852,5038,3752,3658,7/11/2024
501,20240712,P,1104,753,582,735,1462,4151,7110,7592,7311,7548,6664,6546,6162,5936,5675,4896,4762,5480,6890,6570,5516,4930,3900,2921,7/12/2024
501,20240712,S,1738,1035,816,737,1459,4319,7894,8440,8196,7732,7479,7408,7053,6834,6972,7212,7095,7267,7202,6193,5820,5711,5331,5794,7/12/2024
501,20240713,P,2051,1294,872,808,1074,2062,3700,4976,6256,7206,7046,6959,6868,6434,7104,6855,7052,5227,7126,6581,5553,5292,4160,3196,7/13/2024
501,20240713,S,3983,1941,1503,868,956,1819,3571,5285,6652,7637,8141,8052,7530,7101,7092,6908,7120,6991,5831,5398,5818,6436,5715,5494,7/13/2024
501,20240714,P,2074,1383,1034,755,804,1464,2379,3128,4386,6182,7239,7239,7341,7167,7168,7305,7079,6999,6364,5274,4461,3822,2890,1786,7/14/2024
501,20240714,S,3347,2193,1955,1033,857,1153,2175,3240,4626,6506,7535,7276,7069,6829,6841,7519,7787,7921,7220,5675,5031,4460,3848,2293,7/14/2024
501,20240715,P,908,600,543,697,1489,4480,7491,8056,7798,7187,7123,6731,6654,6571,6123,5121,4364,3037,5612,5406,4381,3355,2218,1311,7/15/2024
501,20240715,S,1414,859,644,686,1361,4458,7544,8358,7891,7638,7330,7180,7219,7198,8008,8077,7867,7674,6316,5453,4557,3975,2929,1654,7/15/2024
501,20240716,P,712,536,503,694,1418,4566,7722,8279,7705,7671,7391,6988,6192,5999,5568,4529,4216,5265,7128,6012,4982,3991,2681,1561,7/16/2024
501,20240716,S,1007,659,553,599,1408,4678,8372,8511,7797,7467,7640,7759,7514,7539,8164,8021,7891,6545,8221,6558,5542,4720,3762,3196,7/16/2024
501,20240717,P,842,582,504,732,1363,4688,7602,8546,7369,7209,5948,5604,6557,6351,5612,4859,4070,4779,6416,5929,5485,4336,2965,1622,7/17/2024
501,20240717,S,1236,714,643,653,1452,4670,8332,8450,7895,7812,7675,7905,7988,6423,7756,8313,8262,8559,7483,6905,5997,4887,3539,2350,7/17/2024
501,20240718,P,912,608,519,754,1454,4464,7662,7977,7867,7175,6924,6833,6567,6373,5769,5597,4302,4609,6878,6636,5646,4783,3229,1752,7/18/2024
501,20240718,S,1167,801,605,660,1474,4554,8151,8475,7171,7627,7745,7796,7736,7994,8366,8013,8309,8222,8125,6917,5886,5222,4846,2882,7/18/2024
501,20240719,P,1001,705,622,780,1397,4091,6931,7743,7057,7735,6818,6722,6619,6035,5604,4741,4518,5295,6141,6631,5376,4911,4542,2861,7/19/2024
501,20240719,S,1576,1061,841,740,1411,4271,7802,8183,8028,7586,7301,7928,8056,8255,8183,8105,7764,8041,7477,7178,6078,6333,6832,4457,7/19/2024
501,20240720,P,1830,1207,959,760,1001,1986,3358,4505,5922,7015,7245,7014,6867,7247,6971,7023,6651,7357,7404,7202,5141,3368,4127,2981,7/20/2024
501,20240720,S,2561,1856,1666,876,905,1888,3541,5115,6645,7815,8214,8079,8194,8140,7936,8125,8013,7081,7629,7266,6824,5282,6003,4546,7/20/2024
501,20240721,P,2122,1234,956,734,809,1189,2081,2961,4440,6438,7718,8036,7065,7008,7005,7110,7400,7081,6071,5377,4774,3752,2509,1450,7/21/2024
501,20240721,S,2658,1866,1752,904,802,1029,2246,3502,4715,6332,7735,8008,8117,8037,8001,8412,8605,7651,7118,5964,5914,4640,3503,2366,7/21/2024
501,20240722,P,892,601,500,715,1439,4376,7551,8057,7813,7315,7321,6975,6714,6591,5976,5099,4508,5277,6642,5522,4596,3669,2542,1381,7/22/2024
501,20240722,S,1328,881,705,611,1384,4321,7934,8493,7875,7724,7442,7872,7881,7849,8137,8531,8406,8485,7984,5979,4850,4743,4318,2199,7/22/2024
501,20240723,P,815,566,449,697,1372,4515,7808,8477,8150,7413,7247,7041,6963,6738,5944,4819,4193,4866,6141,6692,5253,3972,2731,1657,7/23/2024
501,20240723,S,1282,694,601,598,1412,4487,8506,8352,8185,7868,7573,7832,7943,7661,8270,8176,7802,7185,7631,6666,5548,6005,4176,3811,7/23/2024
501,20240724,P,912,618,511,764,1388,4586,7427,7550,8025,7783,6418,6594,6300,6010,5377,4939,4000,4160,5625,5918,5433,4466,2845,1605,7/24/2024
501,20240724,S,1514,795,724,667,1437,4635,8231,8503,6319,7949,7659,7857,7856,7768,7885,7823,6943,6651,6900,6870,5723,4816,3855,2266,7/24/2024
501,20240725,P,898,639,526,714,1452,4540,7608,7565,7961,7211,6757,5937,6536,6692,6060,4776,4660,4244,6016,6491,5568,4751,3113,1635,7/25/2024
501,20240725,S,1296,855,670,666,1453,4571,8297,8412,7774,7601,7696,7832,7780,7644,7784,7542,7196,7687,7850,6775,5820,4997,4289,2582,7/25/2024
501,20240726,P,1013,749,574,781,1391,4118,6850,7804,7509,7520,6867,7123,6468,6327,5014,4147,3884,5051,6683,6915,5468,4817,4185,2800,7/26/2024
501,20240726,S,1595,973,822,709,1418,4183,7107,8316,8267,7779,7795,7867,8036,8137,8222,8018,7461,7778,7815,6930,5779,5376,4869,3666,7/26/2024
501,20240727,P,1885,1273,962,772,914,1751,3311,4673,6116,7313,5142,3290,3034,4405,7222,7060,7194,7389,7265,6362,5379,5318,4699,4559,7/27/2024
501,20240727,S,2544,1970,1553,913,896,1631,3338,4902,6635,7708,7096,7628,7569,7598,7958,8225,7388,7936,7492,6902,6080,6197,6589,6875,7/27/2024
501,20240728,P,2942,1503,1088,803,789,1293,2105,3261,4540,6346,7011,7230,7209,7368,7062,7075,6888,7018,6773,6152,5123,4020,2942,1842,7/28/2024
501,20240728,S,4496,2373,1991,967,747,1032,1967,2920,4662,6480,7525,8274,8236,7884,7874,7586,7369,7323,6608,6039,5976,4877,4395,2439,7/28/2024
501,20240729,P,923,678,643,780,1444,4369,7323,7968,7820,7646,7217,6848,6551,6311,5874,4828,4567,5118,6410,5215,4450,3629,2444,1386,7/29/2024
501,20240729,S,1404,863,682,657,1360,4353,8000,8169,7495,7406,7360,7513,7578,7228,7408,7083,7264,7230,6626,5598,4704,4073,2862,1809,7/29/2024
501,20240730,P,827,546,459,757,1458,4524,7472,7811,8035,7576,7201,6762,6069,6248,5699,4677,4359,4978,6707,6198,5124,4264,2987,1613,7/30/2024
501,20240730,S,1235,702,572,614,1435,4669,7906,8252,7821,7833,7635,7584,7183,7030,7235,6935,7186,7400,7319,6301,5294,4584,4910,2626,7/30/2024
501,20240731,P,898,547,508,731,1387,4566,7509,7234,7747,7336,6386,6856,6609,6708,5910,4791,4192,3724,5376,6417,5668,4428,3034,1794,7/31/2024
501,20240731,S,1281,811,654,647,1461,4636,8177,8321,7899,7886,7724,7896,7403,7519,7503,7153,7237,7248,7276,6249,5622,4913,3991,3676,7/31/2024
501,20240801,P,982,679,543,751,1482,4550,7754,8248,7788,7527,6922,6302,6596,6538,5448,4611,4476,4957,6552,4523,5597,4821,3422,2225,8/1/2024
501,20240801,S,1551,910,715,686,1426,4709,8243,8434,7932,7697,7677,7744,7744,7290,6928,6837,7038,7558,7143,5967,5537,5292,3922,2762,8/1/2024
501,20240802,P,1075,684,563,779,1434,4057,7035,7279,7479,7056,6882,6713,6287,6370,5539,4538,4325,6058,6461,6397,5909,5033,4345,3440,8/2/2024
501,20240802,S,1578,986,779,690,1421,4113,7786,8327,7851,7683,7738,7899,7813,7286,7115,7117,7160,7197,7187,6328,5890,5488,4893,3417,8/2/2024
501,20240803,P,1783,1247,928,858,1006,1818,3322,4318,5870,6955,7053,6998,7017,7027,6372,7357,6965,6626,7091,6660,5738,5597,4990,3158,8/3/2024
501,20240803,S,2556,1992,1572,879,884,1740,3407,5066,6529,7636,8111,8137,7656,7319,7483,6914,6770,6831,6893,6336,6019,5899,6679,6576,8/3/2024
501,20240804,P,2616,1368,1061,868,803,1204,1916,2871,4283,5887,6971,6545,6684,7071,6717,6947,6920,6915,6493,5493,4764,3816,2392,1495,8/4/2024
501,20240804,S,3112,2243,1958,908,818,1093,1909,3031,4621,6410,7593,7829,7497,7152,7766,8286,7995,7797,6545,5712,5431,4409,3826,2266,8/4/2024
501,20240805,P,867,546,541,724,1392,4325,7612,7826,7767,7401,7366,6879,6575,6959,6130,5178,4609,3478,5176,5010,4287,3196,2033,1204,8/5/2024
501,20240805,S,1407,909,697,628,1432,4477,8071,8327,7912,7455,7023,6306,6913,6872,7863,8514,8276,7965,7274,5455,4344,3700,2815,1885,8/5/2024
501,20240806,P,733,564,449,697,1445,4486,7505,7850,7720,7606,7268,6777,6514,6717,5810,4830,4295,4156,6036,5846,5087,3736,2690,1409,8/6/2024
501,20240806,S,996,690,559,636,1395,4370,8196,8407,7751,7052,7059,6838,7118,7625,7072,7827,7274,7293,7426,6305,5489,5451,4764,2632,8/6/2024
501,20240807,P,823,573,489,679,1481,4563,7522,7801,7599,7383,6854,6903,6559,6556,6230,5078,4065,4688,6259,6034,5347,4190,2684,1406,8/7/2024
501,20240807,S,1160,771,588,631,1441,4639,8201,8184,7569,7606,7546,7778,7913,8137,8541,8468,8247,8166,7579,6493,5589,5729,4222,2127,8/7/2024
501,20240808,P,815,568,516,762,1451,4266,7458,7840,7745,7253,7362,6019,5604,5293,6164,4931,3048,3616,5951,5579,4732,3908,2631,1629,8/8/2024
501,20240808,S,1334,791,644,643,1494,4468,8156,8286,7352,7345,7725,7504,7777,8033,8019,8513,7766,6414,7700,6235,5408,4509,3709,2237,8/8/2024
501,20240809,P,933,640,546,759,1410,4005,6999,7613,7902,7368,7020,7188,6473,5858,5042,4795,4755,5801,6741,6595,5708,4825,3919,2771,8/9/2024
501,20240809,S,1618,994,730,712,1409,4033,7792,8483,8066,7809,8001,7889,8113,7957,8076,7736,7875,8300,7771,6901,5967,5966,5384,4082,8/9/2024
501,20240810,P,1722,1185,923,729,863,1773,3310,4619,6124,7174,7149,7058,6688,7169,6207,4384,5908,6506,6851,6415,5831,4938,4316,3570,8/10/2024
501,20240810,S,2842,1896,1649,890,808,1567,3217,4671,5750,7192,7786,8163,8265,8320,8073,6939,7292,7831,7867,7297,6764,7199,6094,4074,8/10/2024
501,20240811,P,2393,1358,1143,771,742,1250,2259,2946,4375,6312,7569,7971,7822,7350,6971,5775,6176,6685,6439,5111,4667,3684,2612,1632,8/11/2024
501,20240811,S,2565,2332,2135,927,798,1051,1916,2822,4168,6138,7462,8042,8205,8435,8071,7746,8264,8381,7976,6351,5560,4270,3568,2196,8/11/2024
501,20240812,P,862,620,498,717,1494,4303,7539,7736,7557,6995,7060,7362,5988,5604,4744,4522,4751,5469,6104,5555,4421,3406,2202,1284,8/12/2024
501,20240812,S,1220,827,700,676,1378,4385,8263,8022,7440,7137,7413,7607,7622,7116,8225,8220,8071,8393,7598,5766,4736,3866,2789,1862,8/12/2024
501,20240813,P,761,514,447,671,1450,4437,7797,8019,7821,7740,7333,6629,6316,6644,5380,4004,3875,4229,5360,5711,4469,3879,2713,2427,8/13/2024
501,20240813,S,946,624,544,623,1399,4558,8383,8334,7883,7937,7629,7660,7862,8086,8362,8314,8093,8475,7803,6286,5067,4527,3701,2133,8/13/2024
501,20240814,P,884,544,445,710,1367,4504,7859,8136,8037,7424,7333,5675,6199,6042,5192,4810,4864,4711,6297,6172,5435,4071,3145,1525,8/14/2024
501,20240814,S,1118,691,563,601,1439,4318,7731,8363,8108,8020,7700,7783,7782,7956,8333,8392,8019,7850,8186,6799,5618,4589,3478,2077,8/14/2024
501,20240815,P,882,612,511,712,1513,4383,7597,7668,7914,7264,6370,6345,6323,5650,4149,3068,3336,4388,6430,6824,5739,4498,3036,1791,8/15/2024
501,20240815,S,1143,756,577,627,1454,4575,8126,7783,7248,7031,7111,6630,7689,7764,7948,8034,7114,8256,7982,7362,5932,4960,4062,4208,8/15/2024
501,20240816,P,1016,660,546,732,1350,3962,7163,7414,7701,7348,7010,6450,6147,5939,5180,4571,4180,5262,6039,6977,6265,5248,4382,3890,8/16/2024
501,20240816,S,1584,977,792,720,1366,4127,7696,8234,7834,7828,7666,7932,8148,7939,8031,7405,6434,6297,5879,6730,6388,6208,5888,5253,8/16/2024
501,20240817,P,1895,1144,928,756,967,1737,3189,4546,6150,7317,6831,6909,6915,6642,6646,6255,6747,6654,7523,7097,5815,5198,4276,4550,8/17/2024
501,20240817,S,2736,1894,1645,882,889,1651,3665,5365,6672,7418,8230,8019,7183,6963,6942,6784,6749,6603,6668,6924,6770,7292,6124,5493,8/17/2024
501,20240818,P,2925,1491,1063,777,819,1282,2106,3048,4424,6421,7156,7372,6738,6519,7090,7133,7922,6719,6346,5500,4840,4007,2531,1630,8/18/2024
501,20240818,S,4609,2523,2070,1101,891,1065,2172,3297,4603,5785,6675,7750,7367,6962,6959,6931,7005,6367,6383,6677,7404,7844,5439,2310,8/18/2024
501,20240819,P,880,581,472,727,1503,4304,7597,7708,7965,7202,7619,7297,7327,6827,5493,5585,4946,4587,5511,5078,4555,3446,2959,2859,8/19/2024
501,20240819,S,1424,828,618,667,1411,4345,8009,8746,7922,7811,7734,7888,8180,6316,7501,7884,7702,6828,7089,5621,4722,3719,2863,1751,8/19/2024
501,20240820,P,926,540,423,705,1462,4547,7759,8167,7221,7183,7546,7183,6723,6597,4914,4327,4469,4656,6177,6003,5272,3939,3262,2157,8/20/2024
501,20240820,S,1039,664,521,622,1434,4630,8134,8277,7109,6606,7463,7765,7535,7122,7192,6994,7310,7557,7917,6958,6128,4519,3436,2049,8/20/2024
501,20240821,P,881,606,475,703,1430,4453,7624,8162,7982,7655,7614,7431,7062,6865,5764,5265,4261,5101,5405,5557,4660,3776,2313,1387,8/21/2024
501,20240821,S,1077,632,569,669,1474,4685,8278,8437,7609,6609,6608,6248,6026,6783,8162,8150,7499,7513,7820,6518,5540,4340,3271,2122,8/21/2024
501,20240822,P,805,603,523,709,1462,4474,7281,8490,7976,7580,7744,7344,6805,6546,5398,5164,4106,2778,5525,6133,4994,4244,3361,1599,8/22/2024
501,20240822,S,999,700,563,643,1444,4652,8388,8516,7943,7936,7776,8022,8041,8119,8016,7409,6896,5383,6729,6585,5646,5031,3872,3266,8/22/2024
501,20240823,P,933,649,563,715,1353,4021,7073,7639,7619,6201,5453,6587,6148,6251,5414,4318,4507,5583,6690,7121,6162,5481,5412,3574,8/23/2024
501,20240823,S,1477,939,740,695,1362,4208,8005,8393,7960,7652,7825,7818,7968,7906,8195,8335,8198,6997,7584,7126,6058,5399,4893,3898,8/23/2024
501,20240824,P,1819,1191,945,764,919,1848,3276,4568,5932,6681,7322,6937,6790,7223,6771,7147,7269,7507,7455,6763,6279,5645,4636,3412,8/24/2024
501,20240824,S,2514,1772,1595,866,740,1016,2139,3279,4399,4964,5619,8233,8382,8276,8429,8445,8402,8281,8127,7232,6526,5890,5222,4468,8/24/2024
501,20240825,P,2232,1427,1136,751,744,1224,2079,3024,4482,6434,7728,7758,8007,7585,6229,7214,7425,6337,5415,5583,4964,3447,2175,1273,8/25/2024
501,20240825,S,2536,2145,2079,1022,823,1218,2182,3452,5106,6860,7597,7944,7709,7346,7907,8327,8728,8560,7783,6447,5258,4030,3226,1929,8/25/2024
501,20240826,P,892,511,473,667,1445,4307,7614,8142,7747,7402,7183,7115,7335,7186,6186,5146,4616,4857,6035,5435,4543,3376,2102,1130,8/26/2024
501,20240826,S,1204,744,567,595,1374,4342,8115,8608,7821,7439,7434,7787,7860,8016,8701,8510,8313,8341,7461,5579,4858,4486,2753,1796,8/26/2024
501,20240827,P,681,505,450,693,1426,4330,6488,7714,7511,7327,7491,7495,7116,7029,5746,5193,4533,4854,6236,6317,5242,3880,2397,1510,8/27/2024
501,20240827,S,967,686,531,627,1454,3693,2794,4064,4209,6729,7516,7722,7864,7941,8003,7983,7459,7539,8017,6338,5908,5019,3285,2932,8/27/2024
501,20240828,P,812,538,475,668,1385,4474,6189,7977,7683,7445,7450,7154,6633,6621,5447,4628,4453,4736,6185,6176,5375,4054,2808,2164,8/28/2024
501,20240828,S,1540,728,568,653,1396,4614,8169,7839,7467,7514,7607,7649,7896,7427,7604,7689,7570,7396,7817,6636,6007,5218,3321,2354,8/28/2024
501,20240829,P,933,653,502,716,1449,4458,5924,7935,7653,7528,7627,6909,6282,6103,5249,4836,4401,5181,6330,6161,5432,4522,3583,2636,8/29/2024
501,20240829,S,1276,716,659,666,1458,4552,7888,8660,7890,7767,7820,7866,7872,8152,8137,8230,7310,7556,8188,7436,5880,5237,5191,3681,8/29/2024
501,20240830,P,1154,721,630,758,1400,3890,6767,6927,7127,6755,6797,6427,6072,5665,4967,4352,4352,5667,2736,3562,3239,2798,2464,2343,8/30/2024
501,20240830,S,1667,1060,790,750,1386,4005,7533,8276,7950,7797,7832,8005,8168,8009,8121,7994,7656,7490,6579,5999,5761,6307,4819,3402,8/30/2024
501,20240831,P,1445,1170,898,728,845,1504,2756,4049,5296,6354,7079,7011,6852,6717,6719,5948,7117,7421,6656,6110,5695,5166,4168,3975,8/31/2024
501,20240831,S,2481,2050,1506,899,1005,1497,2824,4390,5743,6750,7789,7851,8038,7841,7153,7741,7635,7591,7251,6525,5735,6874,5128,3539,8/31/2024
501,20240901,P,2006,1436,1118,795,751,1216,2050,2983,4046,5747,6738,7503,7524,6841,7453,5946,4617,6517,5963,5578,5174,4469,3336,2125,9/1/2024
501,20240901,S,2786,2861,1905,978,836,1118,1794,2571,3967,6036,7134,7613,7779,7777,7713,7296,7054,6757,6873,6262,6099,4882,3712,2643,9/1/2024
501,20240902,P,1284,913,660,693,755,1262,2018,2660,3525,5185,6252,6509,4239,6267,6888,7256,6892,6315,5588,5778,4620,3522,2214,1226,9/2/2024
501,20240902,S,1876,1502,1143,721,795,1229,1944,2731,3756,5129,6279,7196,7459,7082,7100,6991,6442,6618,6500,5689,5102,5008,2735,1599,9/2/2024
501,20240903,P,705,467,404,701,1400,4365,7297,7880,7264,6596,7025,7126,6645,6557,5477,4742,3922,3929,5760,5748,4708,3518,2050,1150,9/3/2024
501,20240903,S,1004,582,438,585,1427,4413,8142,8460,7835,7627,7567,7636,7483,6842,7650,7629,7802,7950,7934,5975,4905,3919,2697,1784,9/3/2024
501,20240904,P,715,531,448,742,1358,4530,7752,7906,7709,7518,7633,6973,6832,6830,6009,4959,3724,4610,6374,5685,4967,3656,2281,1226,9/4/2024
501,20240904,S,959,588,467,625,1430,4545,8330,8308,7693,7347,7604,7875,8007,8048,8591,8244,7120,7835,8007,6319,5158,4093,2773,1787,9/4/2024
501,20240905,P,751,518,457,663,1417,4346,5710,7632,7741,7590,7892,7802,6952,6974,6040,5397,4728,4791,6002,5740,5242,3999,2879,1622,9/5/2024
501,20240905,S,971,618,532,594,1356,4316,7936,8513,7863,7762,7890,7990,8184,8355,8785,8598,8356,8313,8351,6406,5459,4490,3640,2215,9/5/2024
501,20240906,P,877,571,547,693,1348,3975,7040,7313,6398,7454,7457,7161,6173,6715,5618,4906,4807,5932,6797,6819,5602,4670,4091,2994,9/6/2024
501,20240906,S,1312,906,690,639,1313,4142,7918,8413,7975,7253,7780,8002,7941,6625,7313,8222,8192,7734,7482,7111,6166,5426,5917,5954,9/6/2024
501,20240907,P,1815,1080,822,674,892,1718,3212,4573,6605,7570,7531,6871,6147,6692,6711,2789,6110,7634,7569,6484,5509,5186,4621,4426,9/7/2024
501,20240907,S,3253,1715,1437,823,897,1629,3373,4974,6596,7771,8120,8189,8270,8125,8281,7870,7859,8057,8188,6705,6108,6430,5744,6169,9/7/2024
501,20240908,P,2237,1373,989,790,732,1222,1933,2958,4389,6013,6926,7219,6786,6797,4982,5483,7662,6909,6480,5980,4621,3296,2408,1641,9/8/2024
501,20240908,S,3451,2172,2164,918,768,1062,1887,3041,4321,6137,7530,8082,8395,8348,8408,7859,7796,7811,6996,6133,5106,4122,3776,5016,9/8/2024
501,20240909,P,1057,610,518,727,1411,4240,6589,6985,7761,7284,7236,6715,7159,7365,6468,4529,4825,5274,7241,5765,4372,3104,2081,1180,9/9/2024
501,20240909,S,2618,881,681,615,1436,4366,8098,8250,7926,7761,7188,7296,8079,7895,8338,8581,8643,8411,7722,5809,4730,3580,3246,2393,9/9/2024
501,20240910,P,723,476,446,686,1425,4486,7766,8244,7687,7356,7535,7395,6963,5393,5577,5203,4205,4622,6333,5840,4665,3713,2285,1268,9/10/2024
501,20240910,S,1139,621,485,578,1423,4590,8250,8209,7487,7612,7706,7857,8030,8086,8161,8215,8487,8597,8456,6446,5278,4170,3031,1577,9/10/2024
501,20240911,P,681,520,450,653,1393,4462,7283,7843,7616,7344,7364,7015,7038,7430,6037,5331,4742,5245,6975,6175,5106,3705,2532,1531,9/11/2024
501,20240911,S,966,575,513,595,1392,4552,8127,8456,7120,7885,7692,7887,8152,8455,8591,8424,8302,8393,8328,6729,5635,4478,3071,2723,9/11/2024
501,20240912,P,867,579,475,710,1422,4474,7546,7969,7479,7569,7584,5198,6700,6889,5985,5155,4566,4753,6150,6529,5677,4324,2745,1683,9/12/2024
501,20240912,S,1332,726,598,625,1388,4437,7958,8401,7760,7749,7696,8011,8217,8258,8332,8452,8123,8192,8203,6900,5895,4948,3508,2848,9/12/2024
501,20240913,P,957,659,592,738,1431,3962,7161,7927,7800,7154,6973,6919,6658,6418,5530,4750,4575,5335,6373,6529,6006,5042,4390,3653,9/13/2024
501,20240913,S,1412,939,807,735,1327,4046,7700,8335,8335,7901,7562,8069,8221,8217,8339,8331,8170,8182,7903,7146,6207,6770,5374,3507,9/13/2024
501,20240914,P,1630,1139,879,741,894,1727,3097,4761,6535,7375,6686,5735,6156,6086,6724,6574,6816,7224,7072,7109,5891,5071,4840,3107,9/14/2024
501,20240914,S,2429,2026,1572,836,897,1515,3353,5244,6636,7621,8120,8275,8327,8384,8067,8073,7936,8052,8009,7171,7324,7447,7160,4521,9/14/2024
501,20240915,P,2276,1373,1067,733,767,1146,1857,2994,4586,6608,8114,8118,7338,7447,6227,6976,6865,5830,5176,5224,4604,3410,2527,3362,9/15/2024
501,20240915,S,3795,2352,1821,1026,789,1025,1902,2755,4318,6103,7552,7642,7091,6873,8085,8632,8838,7632,6398,5877,5270,4063,3156,1907,9/15/2024
501,20240916,P,1378,584,555,770,1452,4327,7165,7709,7623,7195,7475,7318,7401,7317,6684,5503,4470,4707,6122,5350,4309,3223,2049,1101,9/16/2024
501,20240916,S,1253,779,556,609,1326,4230,7894,8337,7834,7581,7534,7727,7897,8174,8704,8768,8422,8060,6844,5604,4961,4636,2493,1566,9/16/2024
501,20240917,P,728,489,454,682,1451,4453,7745,7989,6682,7464,7641,7593,6136,6497,5221,3789,4344,5029,6548,6804,4920,3610,2342,1367,9/17/2024
501,20240917,S,933,615,501,579,1440,4503,8160,8243,7709,7584,7599,8033,8156,8185,8308,8538,8515,8643,8017,6466,5595,5002,3705,3411,9/17/2024
501,20240918,P,791,511,486,702,1515,4523,7512,7676,7936,7894,7772,7404,5470,6504,5715,5035,4400,4782,6286,7268,5438,4211,3901,1831,9/18/2024
501,20240918,S,1139,711,579,618,1417,4536,6920,5295,5495,7929,7772,7817,7865,8065,7785,8358,7879,7727,7568,7203,6103,4663,3751,3251,9/18/2024
501,20240919,P,1028,703,518,691,1511,4386,7483,7718,7646,7505,7419,7263,7099,6576,5549,4864,4508,4259,5658,6585,5277,4353,2789,1617,9/19/2024
501,20240919,S,1465,779,643,680,1409,4528,8211,8279,7883,7492,7598,7902,8217,8296,8437,8306,8305,7928,7629,6823,5985,5212,3739,2049,9/19/2024
501,20240920,P,893,634,596,750,1442,3937,6981,7828,7561,7384,7162,6735,6907,6130,5582,5246,4823,5293,6619,6658,5673,4960,4202,2656,9/20/2024
501,20240920,S,1215,870,768,626,1391,4179,7733,8634,8158,7615,7918,8034,8266,8296,8237,8447,8276,8219,7796,7279,6310,5672,4845,3512,9/20/2024
501,20240921,P,1684,1123,885,756,874,1594,3044,4973,6422,6985,7220,6973,5997,6988,6160,6507,6660,6800,6702,6079,5310,5004,4437,2806,9/21/2024
501,20240921,S,2325,1766,1523,839,886,1548,3135,5311,6914,7471,8018,8245,8347,8394,8419,8486,8349,7950,7784,6798,6118,5805,5700,4532,9/21/2024
501,20240922,P,1758,1123,911,666,699,1069,1747,2365,3841,5378,6783,7270,7499,6618,3088,6631,6946,6462,6218,5300,4438,3594,2391,1339,9/22/2024
501,20240922,S,2548,1800,1571,763,666,848,1478,2417,3671,5749,7187,7944,7861,7701,6973,7714,8199,7853,7161,6339,5165,3934,2907,1958,9/22/2024
501,20240923,P,799,562,471,672,1396,4319,7579,6867,7206,6989,7018,7135,6881,5946,4456,5395,5588,6440,6952,5479,4245,3345,2203,1241,9/23/2024
501,20240923,S,1123,750,557,649,1370,4325,7778,8242,7781,7510,7196,7718,8125,7886,8305,8596,8402,8528,7925,6062,5159,4595,3564,1969,9/23/2024
501,20240924,P,693,513,442,712,1400,4394,7837,8208,7111,7181,7226,5975,7033,6627,5896,5311,4527,4805,6367,5686,4289,3496,2403,1247,9/24/2024
501,20240924,S,994,635,508,628,1296,4494,8320,7742,7659,7894,7690,7694,8010,8077,8518,8510,6759,7656,8211,6672,5733,5493,3482,2031,9/24/2024
501,20240925,P,702,530,459,664,1454,4502,7498,6652,7591,7480,7462,7340,6874,6838,5798,5151,4485,5223,6054,6399,5040,3967,2439,1422,9/25/2024
501,20240925,S,1050,625,524,601,1401,4473,7907,8039,7378,7780,7721,7647,7944,6633,8073,8327,7167,8138,7598,6969,6279,6465,4222,1976,9/25/2024
501,20240926,P,822,612,520,671,1442,4369,7591,8314,7606,7370,7438,7148,6632,6527,6144,5398,4926,4759,5681,5778,5647,4729,2889,1634,9/26/2024
501,20240926,S,1133,727,557,645,1384,4481,8194,8228,7884,7809,7493,7723,8087,7797,7609,8379,8111,8108,8360,7290,5875,5022,4226,2526,9/26/2024
501,20240927,P,991,708,630,749,1393,3940,6812,7345,7490,6967,6439,6638,6550,6171,5308,4408,3486,5395,6792,6740,5336,4681,3856,2686,9/27/2024
501,20240927,S,1413,1083,767,711,1340,3979,7756,8392,7888,7756,7635,8009,8149,8255,8392,8154,8243,7683,7284,6906,6335,5815,6234,5693,9/27/2024
501,20240928,P,1684,1231,946,867,932,1756,3077,4836,6137,3849,6743,6567,6878,6788,6843,5277,5029,5975,7084,6545,5662,5243,4663,4294,9/28/2024
501,20240928,S,2870,1895,1551,883,938,1611,3258,5037,6380,7152,7874,8252,8207,8231,8300,8041,8120,8005,7991,7249,6937,6833,5893,4607,9/28/2024
501,20240929,P,3086,1434,1122,788,893,1469,2150,3244,4861,6375,7085,7571,7566,7147,7400,7311,7531,6145,6159,5476,4697,3524,2374,1460,9/29/2024
501,20240929,S,3039,2198,1939,1030,867,1012,1863,3072,4470,6240,7461,7838,7929,7726,8252,8797,8947,8072,7449,7074,6503,4482,3403,2224,9/29/2024
501,20240930,P,818,557,462,728,1442,4241,7573,7985,7687,7166,6622,5861,6968,6484,6532,3766,3521,4786,2672,4217,4124,3162,2169,1166,9/30/2024
501,20240930,S,1290,849,633,649,1370,4436,7958,8328,7967,7583,7658,7894,7923,8043,8424,8317,8167,7186,6335,5446,4638,3688,2764,1515,9/30/2024
501,20241001,P,664,514,423,698,1414,4402,7670,7061,7435,6587,7241,7281,7074,7245,5819,5140,4277,4256,5999,6160,4704,3661,2344,1285,10/1/2024
501,20241001,S,877,608,495,597,1401,4499,8096,8416,7965,7833,7875,7814,8101,7894,8200,8401,8456,8197,8167,6403,5264,4800,3980,1968,10/1/2024
501,20241002,P,652,487,486,683,1402,4372,7546,8114,7571,6724,7715,7304,7089,7013,5826,4993,4070,4488,5308,5727,5042,4852,3269,1651,10/2/2024
501,20241002,S,1070,630,524,609,1434,4451,8108,8326,7878,7500,7464,7688,7893,7952,8282,8231,8282,8089,8141,6931,5581,4905,4560,2984,10/2/2024
501,20241217,P,698,469,436,634,1347,4099,7245,7417,7789,7433,7031,7415,7493,7092,5913,4766,4350,4584,6369,5254,4354,3646,2206,1211,12/17/2024
501,20241217,S,828,563,504,604,1328,4041,6872,8109,7720,7770,7622,7857,8115,8040,8080,7578,6990,6759,7274,5563,4703,4124,2958,1483,12/17/2024
501,20241218,P,748,467,425,676,1401,4167,7556,7847,8037,7605,7355,7507,7412,6992,5753,3206,3948,4500,6153,5647,4498,3892,2551,1486,12/18/2024
501,20241218,S,897,604,507,602,1290,4018,7839,8155,7816,7877,7925,8163,7869,7531,7746,6369,6881,6852,7341,6111,5029,4808,3304,1806,12/18/2024
501,20241219,P,877,572,538,760,1387,4006,6385,7243,7671,6921,5730,6627,4977,6649,6022,4663,4256,4358,5605,5651,4441,4152,2826,1623,12/19/2024
501,20241219,S,1008,677,588,643,1377,4052,7705,8325,7723,7608,7486,7783,6947,7615,7263,7277,6945,6676,7043,5936,5055,5136,3654,2060,12/19/2024
501,20241220,P,923,648,620,706,1351,3675,6475,7330,7137,7082,7279,7162,5669,6250,5762,4288,4151,5098,6673,6113,5245,4624,3769,2370,12/20/2024
501,20241220,S,1268,882,750,698,1351,3560,6939,7803,7770,7599,7896,8020,7753,7576,7510,6746,6770,6922,6881,6539,5606,5792,4511,2948,12/20/2024
501,20241221,P,1520,1144,904,735,1009,1840,3054,3700,4916,5614,4484,4352,5785,7152,6244,6975,6798,7090,5866,5388,5242,4638,3805,2549,12/21/2024
501,20241221,S,2264,1651,1408,845,968,1531,2628,3774,4982,6401,6590,7192,7654,8153,7933,7952,8060,7675,6774,6486,5776,6206,5372,2987,12/21/2024
501,20241222,P,1741,1094,907,819,844,1165,1903,2384,3583,5290,6489,6798,7492,7284,7460,7666,7696,6517,5631,4542,4048,3177,2244,1285,12/22/2024
501,20241222,S,2159,1956,1519,859,758,1011,1572,2256,3252,5080,6613,7295,7728,7982,7950,7879,7272,6980,6106,5436,5870,5211,3054,1750,12/22/2024
501,20241223,P,795,558,527,666,1218,3308,5655,6332,6396,6755,7269,7131,7058,6335,5864,5896,5809,5755,6853,5514,3771,3158,2282,1532,12/23/2024
501,20241223,S,1103,733,595,575,1124,3346,6125,7017,7238,7205,7744,8126,8218,7553,7595,7488,7355,6711,6442,5202,4406,3881,4625,2008,12/23/2024
501,20241224,P,886,560,495,570,932,2193,3548,4227,4349,5157,6141,6871,7511,7176,7124,5805,6484,5998,5240,4466,4586,4030,3152,1973,12/24/2024
501,20241224,S,1130,772,563,503,911,2270,3826,4224,4759,5491,6325,7521,8096,8037,8256,8165,7369,7056,5496,4959,4652,4612,3299,2219,12/24/2024
501,20241225,P,1195,1015,594,451,403,678,1090,1396,1949,2991,4196,4771,5240,5637,5408,5258,4833,4842,4989,4970,4483,3752,2350,1272,12/25/2024
501,20241225,S,1467,1095,802,473,431,553,824,1123,1896,3071,4395,5161,5793,5864,6126,5623,5328,5132,5240,5156,4131,2847,2175,1390,12/25/2024
501,20241226,P,690,410,375,470,901,2524,4179,4831,5050,5416,6296,6803,6898,7194,6994,7092,6547,6383,5516,4396,3625,3066,2049,1223,12/26/2024
501,20241226,S,837,496,382,423,885,2439,4467,5094,5544,6016,6630,7126,7180,7410,7749,8105,7865,7075,5710,4599,3845,3293,2370,1561,12/26/2024
501,20241227,P,818,548,497,661,1044,2815,4762,5181,5581,6163,6866,6865,7428,7556,7241,6738,6832,6707,6445,4970,4250,3597,2992,2120,12/27/2024
501,20241227,S,1032,870,676,567,1042,2758,5048,5824,6155,6529,7272,7903,7973,7976,8171,8183,8004,7324,6851,5598,4710,5655,3913,2273,12/27/2024
501,20241228,P,1299,928,790,665,795,1471,2430,2778,3761,5255,6312,7127,7265,7321,7181,6802,7146,7119,6997,5286,4853,4122,3067,2166,12/28/2024
501,20241228,S,1694,1434,1171,685,776,1187,2136,2985,4021,5406,6417,7210,7507,7643,7302,7525,7350,6773,6401,5588,4965,5591,4213,2793,12/28/2024
501,20241229,P,1550,1073,917,759,678,1263,1923,2281,3205,4758,5885,6282,6554,7078,6605,6746,6362,6000,5543,4363,3792,2864,2125,1272,12/29/2024
501,20241229,S,2012,1585,1486,770,774,919,1337,1978,2860,4545,5693,6643,7051,7167,7308,7500,7363,7146,5619,5048,4095,3519,2421,1760,12/29/2024
501,20241230,P,797,550,439,683,1190,3320,5531,6234,5578,6234,6754,6919,6905,7092,6837,5876,5846,6436,6076,4621,3728,2929,2007,1248,12/30/2024
501,20241230,S,1126,727,594,523,1178,3233,6118,7073,7077,6890,7199,7489,7772,7924,7921,7564,7831,7757,6193,4638,3681,3376,2491,1679,12/30/2024
501,20241231,P,876,692,661,724,1066,3003,4943,5742,5543,5942,5759,6312,7147,7528,7242,7157,7584,6418,6280,5957,5320,3965,3412,3046,12/31/2024
501,20241231,S,1239,1024,1176,762,1118,2912,5245,6214,6118,6265,6734,7226,7999,7919,8264,8451,7822,6548,6495,5642,5170,5940,3409,2768,12/31/2024
