COUNTDATE,HOUR0,HOUR1,HOUR2,HOUR3,HOUR4,HOUR5,HOUR6,HOUR7,HOUR8,HOUR9,HOUR10,HOUR11,HOUR12,HOUR13,HOUR14,HOUR15,HOUR16,HOUR17,HOUR18,HOUR19,HOUR20,HOUR21,HOUR22,HOUR23,DAY_OF_WEEK,WEEKEND
2024-01-01,6968,6961,5520,3249,1895,1909,2624,3213,4219,6403,8899,11369,11822,12216,12444,11899,11182,10743,9656,7423,5912,6644,3503,2230,1,0
2024-01-02,1296,963,783,1071,2340,7068,13740,15257,14981,13680,13669,14275,14503,14766,15571,14772,14436,14609,13227,9107,7174,6523,5393,2335,2,0
2024-01-03,1483,1035,880,1128,2524,7558,14404,15717,15443,14568,13974,14524,14588,14757,15792,14721,13120,12895,12622,9924,7913,6322,4147,2600,3,0
2024-01-04,1659,1108,926,1113,2445,7485,14325,14198,15887,14908,14672,15099,15113,14540,13910,14788,14155,12568,12764,9806,7802,6446,4392,2807,4,0
2024-01-05,1774,1215,963,1142,2332,6676,12929,14503,14899,14487,14650,15261,15365,15819,15530,14596,13935,12835,9871,10361,8856,9411,7545,4698,5,0
2024-01-06,3240,2129,1685,1218,1491,3126,5209,7080,9305,12089,14219,15164,15952,16111,15663,15621,15282,14156,8896,10368,9775,8826,7844,5190,6,1
2024-01-07,3374,2422,1976,1214,1143,2157,3901,4732,6261,9487,12097,13497,14918,14695,14704,14437,14200,14320,11334,8882,9166,6452,4053,2480,7,1
2024-01-08,1454,1062,952,1192,2205,5611,10007,11784,12681,11686,11287,11894,12276,12560,14058,14530,14108,14343,11740,7899,6360,6179,5627,2259,1,0
2024-01-09,1349,951,845,1125,2434,7478,14037,15222,15549,14831,14682,14628,14783,14023,15132,14079,12679,12296,12503,9799,8354,7275,4262,2401,2,0
2024-01-10,1405,956,869,1173,2489,7834,14844,15917,15350,14835,14263,13919,14347,15278,15643,14497,13437,12934,11673,10913,8647,7333,5761,4362,3,0
2024-01-11,1710,1087,923,1149,2457,7460,13687,15150,16589,15242,14648,14901,14944,15406,16058,15108,13493,13292,13790,10563,8641,7609,4845,3189,4,0
2024-01-12,1817,1231,1104,1148,2257,6568,12852,12749,11917,13359,14840,15737,13712,14294,14988,14212,13263,13269,14323,12376,9526,9387,9191,5619,5,0
2024-01-13,3079,2194,1798,1315,1398,2454,3822,4954,6381,9298,10895,11582,12429,13560,13881,13628,13634,10156,10460,8900,7832,8272,6600,4476,6,1
2024-01-14,2892,2017,1427,988,1058,1872,2994,3740,5269,7593,10053,11561,13604,13169,12606,12420,13950,11307,10163,8156,6595,6114,4126,2710,7,1
2024-01-15,1710,1280,947,988,1783,4663,7914,8933,8834,7577,8645,8599,8408,8988,9787,9410,9186,9024,7304,5451,4616,3885,2856,1901,1,0
2024-01-16,1189,820,734,1047,2072,5444,10532,13096,13058,13023,13215,12854,13787,14353,13991,14491,12584,12583,12298,9508,8047,6937,4053,2296,2,0
2024-01-17,1450,992,833,1180,2450,7575,14568,16443,15521,14725,14337,14469,14820,15296,14956,13431,12689,11101,12914,10481,8687,7349,4599,2636,3,0
2024-01-18,1560,1085,943,1165,2415,7820,15068,15766,15327,14801,14851,13349,14340,15219,14716,13686,12303,11368,12805,10829,8928,7984,4959,3223,4,0
2024-01-19,1823,1322,1056,1188,2319,6952,13706,14915,15005,14528,14555,15118,15582,15159,15163,14113,13236,12539,13335,12077,9981,9517,7378,5457,5,0
2024-01-20,3329,2517,1942,1314,1494,3822,6164,7982,10289,13304,15249,15430,15823,15969,15271,15787,15285,14963,14568,11976,10248,10604,8484,6139,6,1
2024-01-21,4050,3298,2383,1439,1354,2331,4051,4927,7174,10482,13086,14838,16060,15162,13627,15249,16003,13538,11609,9409,8825,6096,3810,2390,7,1
2024-01-22,1497,1041,909,1151,2518,7748,14578,16361,15681,14681,14381,14200,14441,14930,14798,14144,13211,12672,13083,9574,7429,5657,3659,2173,1,0
2024-01-23,1286,935,842,1121,2567,7809,15205,16127,15263,14032,14956,14760,15104,15371,13986,14123,12720,12090,12933,10412,8490,7265,4284,2464,2,0
2024-01-24,1418,1007,900,1147,2480,7558,15365,16650,15394,14533,14679,14804,15478,15866,14707,14058,13158,12999,14566,11491,8752,7484,7097,2985,3,0
2024-01-25,1603,1083,903,1181,2468,7921,15154,15801,15431,14824,15380,15621,15505,16039,14874,14446,12916,12362,12442,11139,9447,8012,5028,2925,4,0
2024-01-26,1796,1346,1075,1255,2379,6608,12727,14020,14183,13935,13901,15204,15145,15500,15242,14922,14632,14688,12656,11697,9590,10509,8695,5070,5,0
2024-01-27,3285,2446,1941,1258,1547,3538,5309,7689,10483,13414,14790,14228,15676,16409,16247,15759,15067,15304,14152,12406,10836,9988,7937,5702,6,1
2024-01-28,3968,3126,2236,1463,1312,2473,3879,5156,7326,10577,13261,13249,15186,14891,14567,14554,14486,13451,11704,9345,9535,6135,3797,2230,7,1
2024-01-29,1443,1036,887,1156,2489,7778,13996,16632,15593,14672,14407,14546,15150,14980,15410,14479,13274,13532,12706,9946,7551,7789,4661,2280,1,0
2024-01-30,1445,938,869,1152,2559,8087,15659,16267,15527,14830,15365,14890,15353,15548,14981,13833,11296,10236,13124,10839,8599,6870,4596,2388,2,0
2024-01-31,1381,964,891,1199,2562,8068,15488,16312,15760,15216,15282,15122,15629,15910,15155,14292,12989,12920,13619,11283,9163,7310,4905,2664,3,0
2024-02-01,1616,1093,967,1248,2544,8145,14188,13925,15683,15217,14950,15358,15528,15475,15164,13915,11304,12109,13818,11364,9419,7711,5633,3023,4,0
2024-02-02,1897,1425,1130,1290,2563,7400,14131,15961,15594,14025,14747,15638,15145,14453,15081,14494,14218,14192,13844,12223,9690,10890,8089,5189,5,0
2024-02-03,3304,2511,1924,1395,1545,3197,4432,6339,8351,10240,9754,9462,9880,9614,9070,9028,8923,8875,7729,6560,5781,5159,4497,3564,6,1
2024-02-04,2496,1884,1612,1114,1153,2362,3404,4211,5769,8505,11376,12965,14260,14637,14600,14627,14264,13552,12011,9495,9040,7522,4559,2442,7,1
2024-02-05,1495,994,897,1104,2445,7167,14031,15644,15616,14740,14126,14205,14084,14445,15506,14341,14155,13991,13667,9706,7525,6044,4460,3721,1,0
2024-02-06,1528,959,819,1112,2574,7934,15683,16795,16362,15770,14268,13190,14566,14135,13923,14171,13313,12582,13336,10710,8433,6727,4397,2343,2,0
2024-02-07,1400,921,783,1215,2480,8198,15795,16842,16007,15584,15148,15344,15574,16083,15479,14413,13262,13401,13911,11226,9107,7577,4772,2668,3,0
2024-02-08,1578,1096,938,1143,2620,8037,15415,17286,16505,15491,15193,15046,15669,15339,15025,14346,12669,12545,13420,11469,9755,7943,5528,3420,4,0
2024-02-09,1937,1321,1218,1282,2492,7303,13879,15251,14535,14580,14844,14778,15112,15028,15071,14041,13934,14260,14438,11652,10027,9583,6746,4864,5,0
2024-02-10,2968,2234,1755,1253,1508,3038,4122,5950,7789,9515,11406,12370,12578,12030,12734,14276,13068,12130,8921,8631,7516,7518,6020,4446,6,1
2024-02-11,2843,2308,2055,1245,1206,2267,3554,4353,6283,9582,12323,14186,14310,14379,15792,15603,13287,9056,7945,7729,6330,14061,6292,2895,7,1
2024-02-12,1745,1142,992,1198,2363,7435,14606,16657,15642,14431,14272,14600,14630,14951,15374,14744,14187,13816,11946,9456,7779,5952,3687,2265,1,0
2024-02-13,1281,935,850,1150,2480,8129,15658,16517,15968,14881,15005,15008,15659,15535,14525,14334,12496,11007,13705,11725,9257,7703,5421,4125,2,0
2024-02-14,1693,1024,936,1186,2498,8165,15774,16875,16164,15144,14799,14856,15699,15400,15320,13900,12550,13145,13998,11782,9474,9600,6486,3721,3,0
2024-02-15,2064,1262,1059,1297,2608,8139,15476,17095,16224,15716,15264,14950,15625,15603,15503,13932,12513,13392,14353,11973,9830,8709,5352,3275,4,0
2024-02-16,1947,1260,1080,1222,2322,7046,13023,14284,15067,14989,14201,14328,15501,15256,14226,12648,11464,11488,10949,9155,7270,6460,5199,3734,5,0
2024-02-17,2236,1835,1451,1128,1346,2718,4146,5801,8195,11553,13400,14977,15239,15416,14845,14993,15499,14574,14091,12405,10434,9798,8109,5820,6,1
2024-02-18,3877,2945,2369,1344,1263,2216,3409,4776,7359,10777,13738,15308,15219,14189,16171,14664,14986,14186,12679,12062,8162,6806,4553,2848,7,1
2024-02-19,1720,1273,983,1097,2273,7092,13560,15250,14722,14537,14887,15020,15142,13153,15202,14108,14006,14173,13067,9889,7652,5902,3680,2300,1,0
2024-02-20,1303,873,865,1152,2551,8139,15844,16356,15807,15547,15270,15082,14705,15424,15171,14365,13855,13524,13944,7137,8588,8410,5737,2620,2,0
2024-02-21,1563,1008,936,1190,2625,8280,16183,16840,15623,15553,15619,15549,15166,15795,15162,13112,12213,13073,13395,12155,9945,7894,4927,2949,3,0
2024-02-22,1593,1124,984,1189,2587,8295,15591,16892,15579,14841,15089,15135,15704,15945,13643,14211,12647,12920,14747,11826,9753,9942,5644,3287,4,0
2024-02-23,1943,1463,1218,1256,2495,7511,14262,15594,15416,14556,15035,15584,15173,15043,14905,13933,12627,13525,13872,12897,10297,10098,8502,5561,5,0
2024-02-24,3488,2622,2000,1293,1520,3456,5531,8361,11582,14150,15048,15620,15929,15927,15735,16074,16017,15919,14765,13636,12001,10941,8700,6110,6,1
2024-02-25,4409,3309,2604,1473,1322,2380,4166,5611,7886,11716,14304,15483,15849,15468,15371,16007,15667,14541,13200,10953,8314,6682,4859,3048,7,1
2024-02-26,1713,1238,974,1203,2424,7602,15082,17029,15982,15389,14598,14891,15200,15149,15779,14455,13856,13875,13272,10293,7887,5860,4002,2444,1,0
2024-02-27,1475,1048,898,1192,2545,7986,15638,17525,14354,11272,12447,13278,13750,14113,15662,15348,15081,14962,14540,10651,8226,6908,6830,2868,2,0
2024-02-28,1511,956,905,1078,2501,7779,15469,16456,16226,15110,15240,15429,15181,14734,14970,13857,12341,12479,13941,11878,9666,9669,5552,3117,3,0
2024-02-29,1820,1215,1008,1168,2444,7900,15922,16257,16167,15180,15181,15512,15407,14705,14448,12714,12535,12393,13307,13457,10202,8482,7488,4699,4,0
2024-03-01,2236,1521,1383,1320,2438,7396,14512,16077,15023,14530,15126,15160,14533,12202,12900,13341,12489,12681,13833,12791,10720,9604,8191,5487,5,0
2024-03-02,3672,2774,2229,1442,1538,3289,5957,8919,11934,14541,15491,16025,15422,15619,15054,15314,12202,12804,13459,12825,10832,10789,9235,7053,6,1
2024-03-03,4017,3134,2609,1437,1258,2144,3826,5263,7562,11292,13980,15604,16191,16013,14489,14334,14907,13833,13187,11183,8656,6684,4677,3536,7,1
2024-03-04,3127,1298,1021,1245,2413,7793,15183,17104,16006,14908,14685,14925,15130,15402,15547,14487,13867,14528,14186,9939,7832,7407,5289,2441,1,0
2024-03-05,1470,1016,900,1095,2508,7948,16085,16963,14663,15628,15087,15213,15321,14932,15332,14610,13434,13577,14588,10840,8430,7089,6350,3632,2,0
2024-03-06,1646,1108,918,1136,2576,8127,15704,16912,16329,15593,14758,15484,15640,15719,14875,13918,13213,13851,14899,11072,8607,7814,6873,4111,3,0
2024-03-07,1722,1194,1007,1236,2518,7829,15815,14191,16653,15602,15596,15833,15406,15077,14403,13333,12486,13072,14769,12629,9299,8370,7337,4667,4,0
2024-03-08,1975,1465,1258,1247,2257,6474,12741,13625,14002,13728,14305,14615,15220,15373,15058,14753,14962,14615,13975,13043,10389,9862,10028,5901,5,0
2024-03-09,3360,2615,2025,1284,1496,3573,5692,8455,11446,14139,14935,14854,15458,14720,12805,14037,15178,15964,15124,9710,8199,10586,9887,7313,6,1
2024-03-11,1902,1260,1017,1204,2501,7664,14596,15579,16323,15093,14561,14551,15039,14961,14750,13312,11555,13638,11966,10892,8715,8259,5073,2680,1,0
2024-03-12,1597,1073,950,1178,2503,8125,15274,15757,15797,15403,15014,15065,14960,15145,14595,13211,11501,12010,14412,12416,10235,7881,5395,3061,2,0
2024-03-13,1846,1133,921,1261,2617,7926,15144,16922,16404,15785,15564,15726,14996,15174,13572,12454,10147,9164,11457,9725,7809,6570,4262,2591,3,0
2024-03-14,1422,1111,1026,1005,1437,2683,3815,3787,3362,3298,3380,3710,4183,4317,4650,4836,4867,4372,3868,3069,2599,2245,1945,1411,4,0
2024-03-15,1057,865,812,1038,1675,3875,6618,8530,9312,10077,10817,11757,12792,13413,14570,15065,15355,14969,13960,11114,8912,8824,7292,5110,5,0
2024-03-16,3434,2435,2003,1377,1633,3112,4786,7539,10083,13036,14465,15411,15159,15325,15290,15375,16019,15711,15354,12270,10639,10544,9128,6262,6,1
2024-03-17,4638,3677,2863,1558,1380,2308,3741,4663,6749,10150,13040,15150,15730,15765,15731,15721,15099,14061,12426,10233,9016,6849,5011,3030,7,1
2024-03-18,1919,1341,1113,1264,2465,7579,14136,16154,16177,14306,14229,14953,14424,14033,14809,14154,13544,13879,12817,10537,8570,6709,4498,2734,1,0
2024-03-19,1552,1041,914,1199,2546,7784,15168,16726,16284,15262,15152,12544,12774,14105,14696,13714,12915,12893,13730,12450,10069,7823,5564,3046,2,0
2024-03-20,2680,1993,1021,1219,2658,7855,15327,16688,16188,15505,15353,15352,14676,14934,14720,14017,13438,13361,14264,12885,10515,8095,5820,3993,3,0
2024-03-21,3074,1453,1120,1273,2554,7722,15179,16349,15592,15058,13748,13953,12668,14864,14324,13562,11666,12092,14087,13065,10647,10237,6865,3783,4,0
2024-03-22,2197,1540,1225,1232,2448,6504,13157,15334,15651,14647,15065,14600,14676,14588,13553,13612,13849,14483,15425,13489,11699,10788,8893,5662,5,0
2024-03-23,3669,2704,2197,1406,1634,3102,5589,8689,11284,14611,15822,15572,15259,14529,15678,15725,15463,15960,15628,13224,11190,10958,8817,6229,6,1
2024-03-24,4254,3450,2775,1587,1434,2072,3641,4981,7220,10998,14256,15757,15637,15552,15742,13702,13522,11737,10148,7264,5686,4330,3039,2048,7,1
2024-03-25,1348,1051,1002,1153,1974,4920,8364,10597,10564,11079,11843,12285,12631,13051,14380,14875,14255,14939,12396,8719,7436,7480,4490,2623,1,0
2024-03-26,1471,1027,877,1131,2459,7532,14696,16931,15691,15307,15274,15259,15351,14908,14756,14054,13384,13329,15102,11372,9085,8385,6431,2931,2,0
2024-03-27,1623,1092,908,1179,2474,7899,15270,16552,16281,15370,15139,15775,15119,15195,14926,13725,12148,13190,15059,13048,9978,8130,7238,3670,3,0
2024-03-28,1909,1359,1096,1290,2521,7922,15156,13496,13090,15938,15058,15786,15658,15463,14944,13245,13429,14141,15303,12732,10866,8950,8304,3885,4,0
2024-03-29,2201,1552,1318,1300,2395,6977,13692,15065,15350,14958,15277,15525,15134,15331,14420,13642,12228,11782,14748,13320,11052,10591,8159,5460,5,0
2024-03-30,3693,2800,2126,1429,1568,2778,5328,8329,11401,14483,15500,15222,15193,15347,15384,15816,15119,16103,15540,14595,11695,10461,9138,6594,6,1
2024-03-31,5002,3344,2676,1562,1508,1810,3051,4819,7156,11640,14941,15428,16293,15138,15499,15891,15789,15513,12252,11924,10770,7638,4766,2955,7,1
2024-04-01,1791,1140,1021,1155,2483,7410,14724,17139,16309,15413,15139,15171,15601,13953,14342,14667,12263,13283,12217,9087,7865,5793,4013,2333,1,0
2024-04-02,1390,1015,920,1145,2538,7800,15511,16985,16109,15470,13195,13911,14726,15219,13869,14045,12814,12859,15236,12162,10190,9766,6266,3330,2,0
2024-04-03,1765,1159,948,1272,2668,8243,15872,16370,16154,15721,15485,15709,15541,15184,15651,14791,12724,12736,15028,12730,10787,8964,6120,3238,3,0
2024-04-04,1674,1212,1068,1225,2515,8078,15741,16650,15526,14975,15434,15596,15241,14841,14363,13833,12714,11058,15615,13368,11216,9350,7828,4056,4,0
2024-04-05,2570,1645,1292,1295,2574,7282,14328,16670,15320,15761,15275,15212,14953,15091,14348,13750,13507,14298,15097,14159,12053,11889,9739,6581,5,0
2024-04-06,4699,3349,2552,1630,1597,2794,5759,9082,11786,14606,15997,16377,15383,15657,15848,15163,15457,15175,14235,12090,11123,10974,6683,6600,6,1
2024-04-07,4079,3160,2400,1444,1323,1981,3363,5344,7774,11506,14175,16118,15936,15505,15759,16033,16141,15266,13987,12246,9102,7429,6855,4560,7,1
2024-04-08,1937,1225,1012,1199,2549,7769,15184,15555,15036,14848,14357,14457,14661,14494,15386,14129,13927,12163,13021,10643,8469,6928,4931,2592,1,0
2024-04-09,1524,988,934,1173,2640,8314,16052,16792,15571,15176,14935,14493,15461,14230,14939,14290,13437,13561,15073,12555,10165,8578,7514,3407,2,0
2024-04-10,1692,1145,985,1207,2582,8124,16116,17026,16103,15490,15782,15271,15320,15469,14998,13556,11768,12512,14888,13245,10541,8363,6978,4579,3,0
2024-04-11,1965,1237,991,1264,2638,8064,15890,16754,15958,16046,15515,15665,14829,15850,14823,13524,11862,13356,14426,13014,11178,9175,6449,3771,4,0
2024-04-12,2297,1562,1265,1322,2540,7291,14746,16036,15587,15385,14835,15040,14641,14379,13143,13372,12854,13478,14246,13491,11945,11245,9232,5974,5,0
2024-04-13,4063,2885,2284,1481,1581,2918,6156,9960,12646,14029,14167,11527,15788,15924,15471,15435,15168,14857,15160,14038,12498,11221,9854,7242,6,1
2024-04-14,5367,3405,2914,1605,1431,2068,3942,5977,8667,12305,14391,15916,15605,15659,14272,14520,14940,15261,13688,11579,9945,7680,5346,3093,7,1
2024-04-15,1882,1318,1025,1213,2601,7993,15476,16853,15851,15204,14748,14820,15024,15006,14616,14014,14093,14895,14108,10815,8692,6449,4405,2648,1,0
2024-04-16,1510,1013,832,1160,2502,7823,15305,17641,16801,15362,15525,15113,14987,15285,13935,12557,13886,14413,14358,11862,9749,7923,5440,3065,2,0
2024-04-17,1728,1097,949,1198,2693,8384,16102,16580,15309,15881,15770,15727,15630,15313,14568,13341,12852,13437,14465,12649,10767,8660,5787,3378,3,0
2024-04-18,1896,1255,1052,1292,2558,7856,15304,16905,15450,14479,14013,13871,15093,14441,13946,14257,13096,13372,14442,11916,9871,8434,8067,3786,4,0
2024-04-19,2218,1511,1107,1284,2408,7082,13869,15966,15576,15155,15236,15119,15111,14460,13918,13391,11514,11818,12447,11861,9678,8392,8110,5455,5,0
2024-04-20,3437,2498,1995,1397,1384,2500,4593,6952,9502,11767,14191,14542,15536,14029,13161,14911,15548,15480,14447,11965,10645,12548,9503,7171,6,1
2024-04-21,4549,3387,2587,1543,1436,1898,3467,5183,7770,11227,14074,16315,15841,16025,15542,15191,16246,15834,13777,11527,10580,8254,5799,3858,7,1
2024-04-22,2081,1371,1112,1283,2593,7968,15960,17501,15621,13786,14006,14869,14401,14569,15315,12008,13539,14473,14441,12086,9553,7847,6406,5016,1,0
2024-04-23,1913,1182,977,1200,2657,8330,16346,17370,16134,15927,15409,15260,15311,15449,15281,14401,12983,13387,12587,9833,10006,8531,5990,3268,2,0
2024-04-24,1896,1134,923,1257,2738,8463,16151,16708,15438,15438,15230,15309,15226,14787,14750,13530,12685,13482,14215,12325,11375,9981,7035,4131,3,0
2024-04-25,2162,1402,1127,1310,2702,8404,15441,16204,15173,15605,15283,15654,14346,13687,14151,12539,10885,11148,13470,13140,10950,8762,7008,4493,4,0
2024-04-26,2541,1674,1340,1312,2616,7665,15040,16115,14420,14723,15072,15315,14852,14616,13452,12370,10769,11954,13749,12690,10308,8902,8936,7700,5,0
2024-04-27,3894,2867,2311,1300,1456,2458,4481,6748,8971,11386,11867,12249,12840,13450,13066,13774,14337,14751,12986,10177,9486,10950,8845,5973,6,1
2024-04-28,3822,2929,2363,1358,1352,2333,3863,5243,7423,11351,14871,15547,15785,15026,14730,16284,15172,15313,12894,11116,9847,7545,5755,3502,7,1
2024-04-29,2146,1296,1108,1214,2611,8160,15325,15106,15464,15249,14320,14506,13393,14909,15591,14503,14092,14238,14574,12013,9022,6664,6492,4427,1,0
2024-04-30,1810,1128,964,1176,2681,8537,16008,16476,16015,15298,13468,14880,15406,14852,14485,13894,11882,11940,14559,12428,9812,7254,6383,3704,2,0
2024-05-01,1968,1246,1004,1210,2630,8685,16083,16794,15762,15212,14880,14048,13897,14138,13150,13602,12515,12905,14770,11151,10530,8324,5717,3318,3,0
2024-05-02,1998,1264,1018,1278,2671,8371,16130,16793,15829,14298,15084,14979,14444,13788,14911,13901,13254,12712,11841,11793,11069,9312,6504,4063,4,0
2024-05-03,2228,1491,1196,1347,2614,7709,14796,16336,15899,15424,15197,15120,15207,14803,14403,13206,13035,14005,14099,13345,11636,10805,8738,6131,5,0
2024-05-04,3577,2554,2208,1409,1547,2984,6429,10267,13254,15492,15904,15214,14448,15383,15047,15672,15326,15774,15819,14826,13662,11156,9610,7943,6,1
2024-05-05,4965,3599,2807,1622,1399,2108,3888,6324,9193,13076,15200,16181,15863,15690,15625,15435,14730,14210,13978,11635,10290,8498,6015,3669,7,1
2024-05-06,2110,1488,1171,1196,2191,6829,14456,16053,15170,14682,14713,14416,14814,15126,14844,14605,14355,15207,14289,10997,8200,6567,6878,3322,1,0
2024-05-07,1665,1121,1006,1154,2670,8388,16426,16781,16623,15530,14745,15359,15488,15667,14260,14016,12259,13401,13985,11727,10512,8771,5617,3554,2,0
2024-05-08,1820,1177,956,1218,2666,8668,15959,16575,16173,15690,15692,15769,14937,14734,14529,13933,12195,13153,14692,12251,11025,9486,6358,3500,3,0
2024-05-09,2043,1317,1020,1315,2733,8332,16230,17200,16861,15176,15301,14662,14115,14882,14402,13428,11778,12338,14905,12905,11073,9190,6443,3837,4,0
2024-05-10,2187,1535,1224,1340,2470,7275,14497,14587,13594,14673,15121,14995,15025,14909,14466,13694,13521,14352,15047,14395,12280,11705,9972,7142,5,0
2024-05-11,4376,3240,2504,1584,1617,3029,6333,10114,12983,14651,15699,13998,13204,13944,14104,14847,15218,15480,15593,14561,12516,12478,11062,5685,6,1
2024-05-12,4479,3356,2955,1829,1441,1961,3404,5322,7711,11515,13242,12459,14045,13891,15608,15273,15268,13635,12824,11219,9717,8352,5225,3414,7,1
2024-05-13,2245,1320,1053,1245,2618,8415,16036,16627,15773,15077,14721,14750,14782,14839,14944,14227,13817,14700,14727,11626,9366,7405,7859,3475,1,0
2024-05-14,1770,1191,951,1283,2717,8865,16473,17159,15932,15571,15069,15303,14192,13487,14687,13167,11283,11938,13849,13212,10688,7630,5460,6275,2,0
2024-05-15,2641,1361,1022,1282,2762,8740,16175,16959,16330,15349,14639,14896,14533,15048,15228,14192,13395,13042,14465,12891,10409,8523,5994,3531,3,0
2024-05-16,1864,1194,1038,1327,2747,8569,15864,15854,15612,14651,14638,13945,13016,14073,13207,12957,12110,12488,13987,12464,11327,10086,6737,3908,4,0
2024-05-17,2345,1614,1250,1349,2674,8040,14834,15695,14360,14471,13932,14247,14493,13216,13353,12906,12362,13051,14620,14455,12267,11384,8801,7921,5,0
2024-05-18,7262,3380,2417,1543,1656,3208,6710,10301,12680,14487,14745,14984,14939,14699,14115,14602,14631,14841,15598,13714,11875,10946,9859,9515,6,1
2024-05-19,6170,3642,2911,1698,1690,2725,4948,7184,10353,13339,14108,15104,14284,15227,14961,15424,16211,15652,13431,10740,11029,9783,6017,4233,7,1
2024-05-20,2150,1436,1140,1266,2708,8522,15494,16184,15517,14716,14124,15096,14704,14931,14836,13972,13031,13113,13028,11112,9184,7394,5592,4528,1,0
2024-05-21,1830,1156,983,1210,2688,8805,15920,16650,15478,14159,14665,14056,14553,12057,11475,12761,11939,12988,13739,11282,9628,7905,5650,3372,2,0
2024-05-22,1898,1183,989,1265,2730,8864,15923,15887,15575,15039,14356,14909,15045,13889,14509,13681,11896,12104,14097,12599,11445,9455,6557,3595,3,0
2024-05-23,2011,1293,1080,1292,2713,8600,15807,16333,15973,14791,13977,13987,13853,13980,13630,13638,12148,12157,13743,12665,11511,9277,6706,3980,4,0
2024-05-24,2671,1896,1382,1537,2579,7519,14278,15422,13123,13787,12956,12854,14439,13917,13752,12459,12427,13827,14813,13305,11297,10534,9444,6081,5,0
2024-05-25,4093,2903,2247,1671,1751,3082,5839,9032,11719,13910,15121,14348,13586,13738,14777,15261,15627,15101,14723,13273,11505,10747,10404,6861,6,1
2024-05-26,4188,3082,2595,1525,1345,2033,3670,5855,8519,12195,14605,15666,14901,15737,15319,15742,15979,15595,14343,12122,10404,9524,7655,5068,7,1
2024-05-27,3046,2125,1576,1130,1385,3273,5248,6334,7891,10580,12918,14609,15187,15178,14625,14264,14191,14031,12360,11035,9734,7705,5434,3448,1,0
2024-05-28,1865,1174,898,1201,2727,8803,13915,16146,15675,15094,14087,14043,14098,14106,13507,13054,11498,12780,13795,11481,10228,9507,6459,3609,2,0
2024-05-29,2028,1272,1046,1249,2809,9054,15922,16527,15587,14569,13197,14195,14464,14168,14455,13684,12840,12040,13521,12209,10488,9877,6423,3781,3,0
2024-05-30,2250,1384,1115,1382,2652,8864,15686,16097,15762,14503,13448,14695,14394,13848,13484,13152,12544,12828,13967,12672,11399,9584,7161,4269,4,0
2024-05-31,2361,1720,1319,1362,2608,7741,14804,16426,15245,14769,14510,14296,14685,14013,13651,12642,11226,12740,14422,13729,11746,10899,9910,8397,5,0
2024-06-01,4592,3041,2479,1605,1848,3600,7129,10372,12717,14573,15484,15532,14945,14724,14374,14103,15053,15741,15754,13685,12464,11358,11319,8593,6,1
2024-06-02,5509,3579,3137,1663,1514,2288,4029,6442,9124,12509,14168,13464,14660,15236,13846,13649,15543,15210,13509,11519,9809,7953,5795,3798,7,1
2024-06-03,2199,1408,1102,1252,2742,8433,15902,15779,15414,12971,13319,13639,13810,14650,14980,13560,12367,13931,14013,11224,9165,8708,5188,3330,1,0
2024-06-04,1780,1212,1009,1257,2652,9032,16062,16517,15200,15028,14435,14562,14176,14209,13901,13208,12931,12784,14219,12412,10795,10026,5922,3942,2,0
2024-06-05,2254,1262,1009,1234,2799,8858,15640,16045,15460,14243,13582,13550,12836,12712,13239,13011,10784,11294,10848,11680,10665,10740,8206,4222,3,0
2024-06-06,2384,1394,1213,1335,2635,9099,15673,16330,15858,14625,13586,12906,13441,13484,13370,11903,10465,10961,13310,12246,11354,10075,7428,4599,4,0
2024-06-07,2454,1658,1305,1435,2609,8170,14840,15590,15345,14507,13952,14398,13820,14172,13676,13417,13140,13437,14320,13516,11623,10633,8859,6871,5,0
2024-06-08,4483,3128,2320,1523,1869,3478,6725,9803,12407,14152,15183,12740,11981,13300,14848,15188,12662,11896,15228,13424,11582,10889,9869,8200,6,1
2024-06-09,4872,3430,2748,1673,1535,2458,4243,6353,9300,12853,14705,15501,15227,15082,15239,15956,15449,15381,13191,11247,9873,7973,5596,4752,7,1
2024-06-10,2177,1418,1181,1315,2832,8760,15414,16203,15137,14978,13976,14210,14024,13835,14015,13081,12585,12634,13114,10646,9053,7365,4881,2835,1,0
2024-06-11,1705,1153,1058,1208,2748,9112,16005,16501,15837,15538,15149,14791,13889,14056,13619,11901,10924,11015,14064,12108,10737,8625,5917,3526,2,0
2024-06-12,1902,1231,981,1251,2798,9420,15878,16457,15417,15464,14659,14307,13880,13746,13752,12256,12158,12697,14248,12740,10891,9530,6554,4087,3,0
2024-06-13,2277,1346,1085,1389,2804,9322,15699,16422,14949,14787,14832,14358,12292,13374,12222,11187,10434,11107,13121,11948,11684,9434,7166,4167,4,0
2024-06-14,2489,1741,1310,1463,2668,8314,14995,15997,15789,14898,14487,14733,14370,13942,12784,12115,13264,13857,12288,11802,11443,11894,10463,9787,5,0
2024-06-15,7887,3531,2554,1607,1839,3598,6967,10109,13400,15001,15587,15052,15139,14249,14332,14298,15128,13659,12846,12851,12358,12127,11273,10862,6,1
2024-06-16,8752,4712,3632,1940,1570,2370,4166,6403,9391,12891,14975,15670,15667,15310,14287,14336,15307,12314,14638,13152,11678,9690,6972,5496,7,1
2024-06-17,2387,1558,1155,1302,2738,8977,15576,16497,15854,15275,14374,14520,14597,14093,14243,13028,12024,12215,14061,12301,10115,9346,6587,5338,1,0
2024-06-18,2382,1367,1137,1312,2791,9341,16006,15982,15311,14601,14101,13024,13162,13944,14071,13201,12808,13068,14155,12578,10740,9687,7198,3901,2,0
2024-06-19,2296,1400,1063,1336,2707,8594,15394,16183,15285,15408,14386,14274,14507,14471,14184,13283,12570,12774,14613,12513,11181,10438,7585,4087,3,0
2024-06-20,2192,1327,1069,1391,2836,9173,15717,16297,15823,15173,15017,14730,14117,14161,13029,13196,12064,12636,12700,12006,9954,9433,8192,7534,4,0
2024-06-21,3994,1959,1465,1495,2683,8290,14670,16044,15204,14495,12318,13371,14062,13594,12908,12300,12193,13639,14787,13259,11970,11689,9951,6314,5,0
2024-06-23,4708,3969,2954,1877,1718,2578,4292,6527,9781,13212,15676,15852,14298,13591,14111,14206,14457,13847,13484,11111,10257,8968,6147,4020,7,1
2024-06-24,2372,1525,1186,1410,2807,9023,15465,16351,14943,15137,14710,13790,13067,13894,14355,14079,13552,13484,12318,10995,9055,8091,5406,3060,1,0
2024-06-25,1912,1202,959,1322,2927,9426,15469,16403,15484,14682,13253,13476,13297,12867,12631,12287,11619,11386,13283,12336,10687,8842,6909,7203,2,0
2024-06-26,2577,1366,1050,1350,2934,9694,15718,15718,15768,14968,13848,13961,14398,13888,12196,11481,11033,10915,13015,12534,10819,9422,6742,6413,3,0
2024-06-27,2789,1438,1176,678,2210,9372,15570,15771,15386,14001,13426,14085,13465,12858,13315,12861,12382,12454,13540,13664,11163,9884,8209,6551,4,0
2024-06-28,7533,3193,1567,1541,2798,8478,14830,15927,15614,15063,14431,14415,14181,13451,13331,13200,13653,12822,13140,13495,11703,10880,9909,9149,5,0
2024-06-29,5963,3749,2712,1732,2000,3804,6780,9547,12456,14886,15775,15444,14973,14795,14844,13992,14819,13425,12918,12967,11430,11005,10050,6951,6,1
2024-06-30,5537,4200,3275,1873,1630,2574,4332,6598,9091,12697,14776,15522,16021,15436,15202,15331,15119,14400,14134,11453,10005,8643,7040,4747,7,1
2024-07-01,2362,1438,1118,1382,2859,8976,15844,16644,15682,14777,14544,14392,14509,14277,14227,12996,13438,13463,13986,11182,9273,8459,6269,3407,1,0
2024-07-02,1829,1245,997,1299,2847,9061,15923,16765,16021,13255,13350,14797,14593,14496,13968,13400,12190,11921,12583,12568,10481,9179,7314,3759,2,0
2024-07-03,2344,1497,1242,1409,2848,8905,15122,16023,15601,14755,14797,14525,14272,14161,13301,12195,11614,11769,12922,12621,11259,10890,9260,5538,3,0
2024-07-04,3301,2244,1620,1316,1809,3186,5431,6634,8300,10351,11705,12712,13364,13271,13793,13752,13905,12813,11508,9923,9052,8501,12243,8979,4,0
2024-07-05,4482,2742,1897,1407,1815,4319,8583,10735,12214,14004,15093,15092,15140,15340,14613,15030,15216,15184,13501,7214,9813,10425,10669,6230,5,0
2024-07-06,3664,2426,2023,1402,1524,2778,5507,7582,10748,13672,15300,15556,15474,15434,15558,15294,15085,15848,15109,13127,11452,11690,10177,6973,6,1
2024-07-07,5164,3218,2699,1572,1598,2337,4063,5671,8412,12156,14813,15328,15869,14217,14547,15745,15244,14333,13217,11157,9909,7910,5942,3629,7,1
2024-07-08,2099,1387,1112,1343,2681,8848,15380,16531,15864,15203,14868,15135,14639,14467,14764,13594,13080,13210,14067,11189,9332,7856,5421,2989,1,0
2024-07-09,1758,1185,1034,1220,2788,9131,15635,16703,15413,15436,13564,13919,12789,14131,14745,13926,12580,13082,14660,11870,10386,8582,5628,3243,2,0
2024-07-10,1927,1255,1085,1247,2825,9374,16014,16506,15906,15029,14778,14720,14611,14314,13267,12467,11597,11187,14266,13268,11316,9283,6821,5560,3,0
2024-07-11,2366,1465,1201,1388,2843,9144,13682,15167,15694,14868,14861,14710,14463,13822,12730,12125,11915,11820,12319,12688,11788,9759,7058,5657,4,0
2024-07-12,2842,1788,1398,1472,2921,8470,15004,16032,15507,15280,14143,13954,13215,12770,12647,12108,11857,12747,14092,12763,11336,10641,9231,8715,5,0
2024-07-13,6034,3235,2375,1676,2030,3881,7271,10261,12908,14843,15187,15011,14398,13535,14196,13763,14172,12218,12957,11979,11371,11728,9875,8690,6,1
2024-07-14,5421,3576,2989,1788,1661,2617,4554,6368,9012,12688,14774,14515,14410,13996,14009,14824,14866,14920,13584,10949,9492,8282,6738,4079,7,1
2024-07-15,2322,1459,1187,1383,2850,8938,15035,16414,15689,14825,14453,13911,13873,13769,14131,13198,12231,10711,11928,10859,8938,7330,5147,2965,1,0
2024-07-16,1719,1195,1056,1293,2826,9244,16094,16790,15502,15138,15031,14747,13706,13538,13732,12550,12107,11810,15349,12570,10524,8711,6443,4757,2,0
2024-07-17,2078,1296,1147,1385,2815,9358,15934,16996,15264,15021,13623,13509,14545,12774,13368,13172,12332,13338,13899,12834,11482,9223,6504,3972,3,0
2024-07-18,2079,1409,1124,1414,2928,9018,15813,16452,15038,14802,14669,14629,14303,14367,14135,13610,12611,12831,15003,13553,11532,10005,8075,4634,4,0
2024-07-19,2577,1766,1463,1520,2808,8362,14733,15926,15085,15321,14119,14650,14675,14290,13787,12846,12282,13336,13618,13809,11454,11244,11374,7318,5,0
2024-07-20,4391,3063,2625,1636,1906,3874,6899,9620,12567,14830,15459,15093,15061,15387,14907,15148,14664,14438,15033,14468,11965,8650,10130,7527,6,1
2024-07-21,4780,3100,2708,1638,1611,2218,4327,6463,9155,12770,15453,16044,15182,15045,15006,15522,16005,14732,13189,11341,10688,8392,6012,3816,7,1
2024-07-22,2220,1482,1205,1326,2823,8697,15485,16550,15688,15039,14763,14847,14595,14440,14113,13630,12914,13762,14626,11501,9446,8412,6860,3580,1,0
2024-07-23,2097,1260,1050,1295,2784,9002,16314,16829,16335,15281,14820,14873,14906,14399,14214,12995,11995,12051,13772,13358,10801,9977,6907,5468,2,0
2024-07-24,2426,1413,1235,1431,2825,9221,15658,16053,14344,15732,14077,14451,14156,13778,13262,12762,10943,10811,12525,12788,11156,9282,6700,3871,3,0
2024-07-25,2194,1494,1196,1380,2905,9111,15905,15977,15735,14812,14453,13769,14316,14336,13844,12318,11856,11931,13866,13266,11388,9748,7402,4217,4,0
2024-07-26,2608,1722,1396,1490,2809,8301,13957,16120,15776,15299,14662,14990,14504,14464,13236,12165,11345,12829,14498,13845,11247,10193,9054,6466,5,0
2024-07-27,4429,3243,2515,1685,1810,3382,6649,9575,12751,15021,12238,10918,10603,12003,15180,15285,14582,15325,14757,13264,11459,11515,11288,11434,6,1
2024-07-28,7438,3876,3079,1770,1536,2325,4072,6181,9202,12826,14536,15504,15445,15252,14936,14661,14257,14341,13381,12191,11099,8897,7337,4281,7,1
2024-07-29,2327,1541,1325,1437,2804,8722,15323,16137,15315,15052,14577,14361,14129,13539,13282,11911,11831,12348,13036,10813,9154,7702,5306,3195,1,0
2024-07-30,2062,1248,1031,1371,2893,9193,15378,16063,15856,15409,14836,14346,13252,13278,12934,11612,11545,12378,14026,12499,10418,8848,7897,4239,2,0
2024-07-31,2179,1358,1162,1378,2848,9202,15686,15555,15646,15222,14110,14752,14012,14227,13413,11944,11429,10972,12652,12666,11290,9341,7025,5470,3,0
2024-08-01,2533,1589,1258,1437,2908,9259,15997,16682,15720,15224,14599,14046,14340,13828,12376,11448,11514,12515,13695,10490,11134,10113,7344,4987,4,0
2024-08-02,2653,1670,1342,1469,2855,8170,14821,15606,15330,14739,14620,14612,14100,13656,12654,11655,11485,13255,13648,12725,11799,10521,9238,6857,5,0
2024-08-03,4339,3239,2500,1737,1890,3558,6729,9384,12399,14591,15164,15135,14673,14346,13855,14271,13735,13457,13984,12996,11757,11496,11669,9734,6,1
2024-08-04,5728,3611,3019,1776,1621,2297,3825,5902,8904,12297,14564,14374,14181,14223,14483,15233,14915,14712,13038,11205,10195,8225,6218,3761,7,1
2024-08-05,2274,1455,1238,1352,2824,8802,15683,16153,15679,14856,14389,13185,13488,13831,13993,13692,12885,11443,12450,10465,8631,6896,4848,3089,1,0
2024-08-06,1729,1254,1008,1333,2840,8856,15701,16257,15471,14658,14327,13615,13632,14342,12882,12657,11569,11449,13462,12151,10576,9187,7454,4041,2,0
2024-08-07,1983,1344,1077,1310,2922,9202,15723,15985,15168,14989,14400,14681,14472,14693,14771,13546,12312,12854,13838,12527,10936,9919,6906,3533,3,0
2024-08-08,2149,1359,1160,1405,2945,8734,15614,16126,15097,14598,15087,13523,13381,13326,14183,13444,10814,10030,13651,11814,10140,8417,6340,3866,4,0
2024-08-09,2551,1634,1276,1471,2819,8038,14791,16096,15968,15177,15021,15077,14586,13815,13118,12531,12630,14101,14512,13496,11675,10791,9303,6853,5,0
2024-08-10,4564,3081,2572,1619,1671,3340,6527,9290,11874,14366,14935,15221,14953,15489,14280,11323,13200,14337,14718,13712,12595,12137,10410,7644,6,1
2024-08-11,4958,3690,3278,1698,1540,2301,4175,5768,8543,12450,15031,16013,16027,15785,15042,13521,14440,15066,14415,11462,10227,7954,6180,3828,7,1
2024-08-12,2082,1447,1198,1393,2872,8688,15802,15758,14997,14132,14473,14969,13610,12720,12969,12742,12822,13862,13702,11321,9157,7272,4991,3146,1,0
2024-08-13,1707,1138,991,1294,2849,8995,16180,16353,15704,15677,14962,14289,14178,14730,13742,12318,11968,12704,13163,11997,9536,8406,6414,4560,2,0
2024-08-14,2002,1235,1008,1311,2806,8822,15590,16499,16145,15444,15033,13458,13981,13998,13525,13202,12883,12561,14483,12971,11053,8660,6623,3602,3,0
2024-08-15,2025,1368,1088,1339,2967,8958,15723,15451,15162,14295,13481,12975,14012,13414,12097,11102,10450,12644,14412,14186,11671,9458,7098,5999,4,0
2024-08-16,2600,1637,1338,1452,2716,8089,14859,15648,15535,15176,14676,14382,14295,13878,13211,11976,10614,11559,11918,13707,12653,11456,10270,9143,5,0
2024-08-17,4631,3038,2573,1638,1856,3388,6854,9911,12822,14735,15061,14928,14098,13605,13588,13039,13496,13257,14191,14021,12585,12490,10400,10043,6,1
2024-08-18,7534,4014,3133,1878,1710,2347,4278,6345,9027,12206,13831,15122,14105,13481,14049,14064,14927,13086,12729,12177,12244,11851,7970,3940,7,1
2024-08-19,2304,1409,1090,1394,2914,8649,15606,16454,15887,15013,15353,15185,15507,13143,12994,13469,12648,11415,12600,10699,9277,7165,5822,4610,1,0
2024-08-20,1965,1204,944,1327,2896,9177,15893,16444,14330,13789,15009,14948,14258,13719,12106,11321,11779,12213,14094,12961,11400,8458,6698,4206,2,0
2024-08-21,1958,1238,1044,1372,2904,9138,15902,16599,15591,14264,14222,13679,13088,13648,13926,13415,11760,12614,13225,12075,10200,8116,5584,3509,3,0
2024-08-22,1804,1303,1086,1352,2906,9126,15669,17006,15919,15516,15520,15366,14846,14665,13414,12573,11002,8161,12254,12718,10640,9275,7233,4865,4,0
2024-08-23,2410,1588,1303,1410,2715,8229,15078,16032,15579,13853,13278,14405,14116,14157,13609,12653,12705,12580,14274,14247,12220,10880,10305,7472,5,0
2024-08-24,4333,2963,2540,1630,1659,2864,5415,7847,10331,11645,12941,15170,15172,15499,15200,15592,15671,15788,15582,13995,12805,11535,9858,7880,6,1
2024-08-25,4768,3572,3215,1773,1567,2442,4261,6476,9588,13294,15325,15702,15716,14931,14136,15541,16153,14897,13198,12030,10222,7477,5401,3202,7,1
2024-08-26,2096,1255,1040,1262,2819,8649,15729,16750,15568,14841,14617,14902,15195,15202,14887,13656,12929,13198,13496,11014,9401,7862,4855,2926,1,0
2024-08-27,1648,1191,981,1320,2880,8023,9282,11778,11720,14056,15007,15217,14980,14970,13749,13176,11992,12393,14253,12655,11150,8899,5682,4442,2,0
2024-08-28,2352,1266,1043,1321,2781,9088,14358,15816,15150,14959,15057,14803,14529,14048,13051,12317,12023,12132,14002,12812,11382,9272,6129,4518,3,0
2024-08-29,2209,1369,1161,1382,2907,9010,13812,16595,15543,15295,15447,14775,14154,14255,13386,13066,11711,12737,14518,13597,11312,9759,8774,6317,4,0
2024-08-30,2821,1781,1420,1508,2786,7895,14300,15203,15077,14552,14629,14432,14240,13674,13088,12346,12008,13157,9315,9561,9000,9105,7283,5745,5,0
2024-08-31,3926,3220,2404,1627,1850,3001,5580,8439,11039,13104,14868,14862,14890,14558,13872,13689,14752,15012,13907,12635,11430,12040,9296,7514,6,1
2024-09-01,4792,4297,3023,1773,1587,2334,3844,5554,8013,11783,13872,15116,15303,14618,15166,13242,11671,13274,12836,11840,11273,9351,7048,4768,7,1
2024-09-02,3160,2415,1803,1414,1550,2491,3962,5391,7281,10314,12531,13705,11698,13349,13988,14247,13334,12933,12088,11467,9722,8530,4949,2825,1,0
2024-09-03,1709,1049,842,1286,2827,8778,15439,16340,15099,14223,14592,14762,14128,13399,13127,12371,11724,11879,13694,11723,9613,7437,4747,2934,2,0
2024-09-04,1674,1119,915,1367,2788,9075,16082,16214,15402,14865,15237,14848,14839,14878,14600,13203,10844,12445,14381,12004,10125,7749,5054,3013,3,0
2024-09-05,1722,1136,989,1257,2773,8662,13646,16145,15604,15352,15782,15792,15136,15329,14825,13995,13084,13104,14353,12146,10701,8489,6519,3837,4,0
2024-09-06,2189,1477,1237,1332,2661,8117,14958,15726,14373,14707,15237,15163,14114,13340,12931,13128,12999,13666,14279,13930,11768,10096,10008,8948,5,0
2024-09-07,5068,2795,2259,1497,1789,3347,6585,9547,13201,15341,15651,15060,14417,14817,14992,10659,13969,15691,15757,13189,11617,11616,10365,10595,6,1
2024-09-08,5688,3545,3153,1708,1500,2284,3820,5999,8710,12150,14456,15301,15181,15145,13390,13342,15458,14720,13476,12113,9727,7418,6184,6657,7,1
2024-09-09,3675,1491,1199,1342,2847,8606,14687,15235,15687,15045,14424,14011,15238,15260,14806,13110,13468,13685,14963,11574,9102,6684,5327,3573,1,0
2024-09-10,1862,1097,931,1264,2848,9076,16016,16453,15174,14968,15241,15252,14993,13479,13738,13418,12692,13219,14789,12286,9943,7883,5316,2845,2,0
2024-09-11,1647,1095,963,1248,2785,9014,15410,16299,14736,15229,15056,14902,15190,15885,14628,13755,13044,13638,15303,12904,10741,8183,5603,4254,3,0
2024-09-12,2199,1305,1073,1335,2810,8911,15504,16370,15239,15318,15280,13209,14917,15147,14317,13607,12689,12945,14353,13429,11572,9272,6253,4531,4,0
2024-09-13,2369,1598,1399,1473,2758,8008,14861,16262,16135,15055,14535,14988,14879,14635,13869,13081,12745,13517,14276,13675,12213,11812,9764,7160,5,0
2024-09-14,4059,3165,2451,1577,1791,3242,6450,10005,13171,14996,14806,14010,14483,14470,14791,14647,14752,15276,15081,14280,13215,12518,12000,7628,6,1
2024-09-15,6071,3725,2888,1759,1556,2171,3759,5749,8904,12711,15666,15760,14429,14320,14312,15608,15703,13462,11574,11101,9874,7473,5683,5269,7,1
2024-09-16,2631,1363,1111,1379,2778,8557,15059,16046,15457,14776,15009,15045,15298,15491,15388,14271,12892,12767,12966,10954,9270,7859,4542,2667,1,0
2024-09-17,1661,1104,955,1261,2891,8956,15905,16232,14391,15048,15240,15626,14292,14682,13529,12327,12859,13672,14565,13270,10515,8612,6047,4778,2,0
2024-09-18,1930,1222,1065,1320,2932,9059,14432,12971,13431,15823,15544,15221,13335,14569,13500,13393,12279,12509,13854,14471,11541,8874,7652,5082,3,0
2024-09-19,2493,1482,1161,1371,2920,8914,15694,15997,15529,14997,15017,15165,15316,14872,13986,13170,12813,12187,13287,13408,11262,9565,6528,3666,4,0
2024-09-20,2108,1504,1364,1376,2833,8116,14714,16462,15719,14999,15080,14769,15173,14426,13819,13693,13099,13512,14415,13937,11983,10632,9047,6168,5,0
2024-09-21,4009,2889,2408,1595,1760,3142,6179,10284,13336,14456,15238,15218,14344,15382,14579,14993,15009,14750,14486,12877,11428,10809,10137,7338,6,1
2024-09-22,4306,2923,2482,1429,1365,1917,3225,4782,7512,11127,13970,15214,15360,14319,10061,14345,15145,14315,13379,11639,9603,7528,5298,3297,7,1
2024-09-23,1922,1312,1028,1321,2766,8644,15357,15109,14987,14499,14214,14853,15006,13832,12761,13991,13990,14968,14877,11541,9404,7940,5767,3210,1,0
2024-09-24,1687,1148,950,1340,2696,8888,16157,15950,14770,15075,14916,13669,15043,14704,14414,13821,11286,12461,14578,12358,10022,8989,5885,3278,2,0
2024-09-25,1752,1155,983,1265,2855,8975,15405,14691,14969,15260,15183,14987,14818,13471,13871,13478,11652,13361,13652,13368,11319,10432,6661,3398,3,0
2024-09-26,1955,1339,1077,1316,2826,8850,15785,16542,15490,15179,14931,14871,14719,14324,13753,13777,13037,12867,14041,13068,11522,9751,7115,4160,4,0
2024-09-27,2404,1791,1397,1460,2733,7919,14568,15737,15378,14723,14074,14647,14699,14426,13700,12562,11729,13078,14076,13646,11671,10496,10090,8379,5,0
2024-09-28,4554,3126,2497,1750,1870,3367,6335,9873,12517,11001,14617,14819,15085,15019,15143,13318,13149,13980,15075,13794,12599,12076,10556,8901,6,1
2024-09-29,6125,3632,3061,1818,1760,2481,4013,6316,9331,12615,14546,15409,15495,14873,15652,16108,16478,14217,13608,12550,11200,8006,5777,3684,7,1
2024-09-30,2108,1406,1095,1377,2812,8677,15531,16313,15654,14749,14280,13755,14891,14527,14956,12083,11688,11972,9007,9663,8762,6850,4933,2681,1,0
2024-10-01,1541,1122,918,1295,2815,8901,15766,15477,15400,14420,15116,15095,15175,15139,14019,13541,12733,12453,14166,12563,9968,8461,6324,3253,2,0
2024-10-02,1722,1117,1010,1292,2836,8823,15654,16440,15449,14224,15179,14992,14982,14965,14108,13224,12352,12577,13449,12658,10623,9757,7829,4635,3,0
2024-12-17,1526,1032,940,1238,2675,8140,14117,15526,15509,15203,14653,15272,15608,15132,13993,12344,11340,11343,13643,10817,9057,7770,5164,2694,2,0
2024-12-18,1645,1071,932,1278,2691,8185,15395,16002,15853,15482,15280,15670,15281,14523,13499,9575,10829,11352,13494,11758,9527,8700,5855,3292,3,0
2024-12-19,1885,1249,1126,1403,2764,8058,14090,15568,15394,14529,13216,14410,11924,14264,13285,11940,11201,11034,12648,11587,9496,9288,6480,3683,4,0
2024-12-20,2191,1530,1370,1404,2702,7235,13414,15133,14907,14681,15175,15182,13422,13826,13272,11034,10921,12020,13554,12652,10851,10416,8280,5318,5,0
2024-12-21,3784,2795,2312,1580,1977,3371,5682,7474,9898,12015,11074,11544,13439,15305,14177,14927,14858,14765,12640,11874,11018,10844,9177,5536,6,1
2024-12-22,3900,3050,2426,1678,1602,2176,3475,4640,6835,10370,13102,14093,15220,15266,15410,15545,14968,13497,11737,9978,9918,8388,5298,3035,7,1
2024-12-23,1898,1291,1122,1241,2342,6654,11780,13349,13634,13960,15013,15257,15276,13888,13459,13384,13164,12466,13295,10716,8177,7039,6907,3540,1,0
2024-12-24,2016,1332,1058,1073,1843,4463,7374,8451,9108,10648,12466,14392,15607,15213,15380,13970,13853,13054,10736,9425,9238,8642,6451,4192,2,0
2024-12-25,2662,2110,1396,924,834,1231,1914,2519,3845,6062,8591,9932,11033,11501,11534,10881,10161,9974,10229,10126,8614,6599,4525,2662,3,0
2024-12-26,1527,906,757,893,1786,4963,8646,9925,10594,11432,12926,13929,14078,14604,14743,15197,14412,13458,11226,8995,7470,6359,4419,2784,4,0
2024-12-27,1850,1418,1173,1228,2086,5573,9810,11005,11736,12692,14138,14768,15401,15532,15412,14921,14836,14031,13296,10568,8960,9252,6905,4393,5,0
2024-12-28,2993,2362,1961,1350,1571,2658,4566,5763,7782,10661,12729,14337,14772,14964,14483,14327,14496,13892,13398,10874,9818,9713,7280,4959,6,1
2024-12-29,3562,2658,2403,1529,1452,2182,3260,4259,6065,9303,11578,12925,13605,14245,13913,14246,13725,13146,11162,9411,7887,6383,4546,3032,7,1
2024-12-30,1923,1277,1033,1206,2368,6553,11649,13307,12655,13124,13953,14408,14677,15016,14758,13440,13677,14193,12269,9259,7409,6305,4498,2927,1,0
2024-12-31,2115,1716,1837,1486,2184,5915,10188,11956,11661,12207,12493,13538,15146,15447,15506,15608,15406,12966,12775,11599,10490,9905,6821,5814,2,0
